Mon Dec 23 14:32:34 +0000 2019,sulselsatu.com,sulsel_satu,"South Sulawesi, Indonesia",0.0,0.0,1.0,0.0,b'Nasional DaerahKhusus IbuKotaBaru Ibu Kota Baru Bakal Jadi Daerah Khusus https //t.co/vKakbrcWcP https //t.co/MtcWLjsSXS'
Mon Dec 23 14:18:34 +0000 2019,Sedotan WC,RMpul,"Coffee Garden, Citeureup",0.0,0.0,1.0,0.0,b'RT walhinasional Kajian mendalam dokumen resmi pemerintah mengungkap nama politisi nasional lokal diduga kuat akan\xe2\x80\xa6'
Mon Dec 23 14:13:53 +0000 2019,Bambang Saptono Hadi,Bambang_8370,"Sukoharjo, Indonesia",0.0,0.0,1.0,0.0,"b""RT SeptianiLisma_ Rimba Nusantara '' Pemenang Sayembara Desain Ibu Kota Negara Oleh Ghesti Saraswati Alumni Fisip UI -- -UTAS -- Ib\xe2\x80\xa6"""
Mon Dec 23 14:10:11 +0000 2019,blueming,nurainilstr,Indonesia,0.0,0.0,1.0,0.0,b'RT detikcom Mantul Desain Nagara Rimba Nusantara memenangkan sayembara kota negara IKN Kaltim Pemilik desain meng\xe2\x80\xa6'
Mon Dec 23 14:07:52 +0000 2019,Dy...,ima_mahdiana,Jombang juga Bumi Alloh,0.0,0.0,1.0,0.0,"b""RT SeptianiLisma_ Rimba Nusantara '' Pemenang Sayembara Desain Ibu Kota Negara Oleh Ghesti Saraswati Alumni Fisip UI -- -UTAS -- Ib\xe2\x80\xa6"""
Mon Dec 23 14:06:05 +0000 2019,zulfahmi phonna,scopycoklat,,0.0,0.0,1.0,0.0,b'RT walhinasional Kajian mendalam dokumen resmi pemerintah mengungkap nama politisi nasional lokal diduga kuat akan\xe2\x80\xa6'
Mon Dec 23 14:05:47 +0000 2019,Amry Ardhan,AmryArdhan,"South Borneo, Indonesia",0.0,0.0,1.0,0.0,"b""RT SeptianiLisma_ Rimba Nusantara '' Pemenang Sayembara Desain Ibu Kota Negara Oleh Ghesti Saraswati Alumni Fisip UI -- -UTAS -- Ib\xe2\x80\xa6"""
Mon Dec 23 13:56:41 +0000 2019,Aulia,AuliaRochmah13,,0.0,0.0,1.0,0.0,"b""RT SeptianiLisma_ Rimba Nusantara '' Pemenang Sayembara Desain Ibu Kota Negara Oleh Ghesti Saraswati Alumni Fisip UI -- -UTAS -- Ib\xe2\x80\xa6"""
Mon Dec 23 13:43:20 +0000 2019,Rianto Sutarman,RiantoSutarman,Indonesia,0.0,0.0,1.0,0.0,"b""RT SeptianiLisma_ Rimba Nusantara '' Pemenang Sayembara Desain Ibu Kota Negara Oleh Ghesti Saraswati Alumni Fisip UI -- -UTAS -- Ib\xe2\x80\xa6"""
Mon Dec 23 13:39:26 +0000 2019,khohongthiang,kht01263,"DKI Jakarta, Indonesia",0.0,0.0,1.0,0.0,b'RT detikcom Hari pemenangnya diumumkan Totalnya 755 peserta mengikuti kompetisi sayembara desain kota Ini nih\xe2\x80\xa6'
Mon Dec 23 13:30:40 +0000 2019,HDSL,hendrijack,HDSL,0.0,0.0,1.0,0.0,b'RT detikcom Hari pemenangnya diumumkan Totalnya 755 peserta mengikuti kompetisi sayembara desain kota Ini nih\xe2\x80\xa6'
Mon Dec 23 13:25:20 +0000 2019,Aswind dg.awing,awing_aswind,"gowa, makassar, indonesia",0.0,0.0,1.0,0.0,b'Desain Ibu Kota Baru IbuKotaBaru Desainibukot ibukota https //t.co/dxgOHZwC8a'
Mon Dec 23 13:19:55 +0000 2019,yudi rahman,yudirahman_____,Bandung,0.0,0.0,1.0,0.0,"b""RT SeptianiLisma_ Rimba Nusantara '' Pemenang Sayembara Desain Ibu Kota Negara Oleh Ghesti Saraswati Alumni Fisip UI -- -UTAS -- Ib\xe2\x80\xa6"""
Mon Dec 23 13:19:39 +0000 2019,Krawing,imeltagata,INDONESIA,0.0,0.0,1.0,0.0,b'RT manustresvo Selamat Semoga pembangunannya lancar sukses jaya dikorupsi amin Sumber WA Grup wkwkwk intinya miliknya Pak\xe2\x80\xa6'
Mon Dec 23 13:14:19 +0000 2019,Abdul Kadir,AbdulKadirte,"Riau, Indonesia",0.0,0.0,1.0,0.0,"b""RT SeptianiLisma_ Rimba Nusantara '' Pemenang Sayembara Desain Ibu Kota Negara Oleh Ghesti Saraswati Alumni Fisip UI -- -UTAS -- Ib\xe2\x80\xa6"""
Mon Dec 23 13:12:48 +0000 2019,Denjaka,Denjaka57595197,,0.0,0.0,1.0,0.0,b'RT detikcom Mantul Desain Nagara Rimba Nusantara memenangkan sayembara kota negara IKN Kaltim Pemilik desain meng\xe2\x80\xa6'
Mon Dec 23 13:11:34 +0000 2019,agung basoeki,AgungBasoeki,"Malang , Indonesia",0.0,0.0,1.0,0.0,"b""RT SeptianiLisma_ Rimba Nusantara '' Pemenang Sayembara Desain Ibu Kota Negara Oleh Ghesti Saraswati Alumni Fisip UI -- -UTAS -- Ib\xe2\x80\xa6"""
Mon Dec 23 13:08:21 +0000 2019,üá≤üá®BarongJawiüá≤üá®,Gandos_Akek,,0.0,0.0,1.0,0.0,"b""RT SeptianiLisma_ Rimba Nusantara '' Pemenang Sayembara Desain Ibu Kota Negara Oleh Ghesti Saraswati Alumni Fisip UI -- -UTAS -- Ib\xe2\x80\xa6"""
Mon Dec 23 13:00:12 +0000 2019,@visitortwt,visitortwt1,,0.0,0.0,1.0,0.0,"b""RT SeptianiLisma_ Beberapa unsur ide desain peringkat 2 3 dikolaborasikan `` Rimba Nusantara '' pemeri\xe2\x80\xa6"""
Mon Dec 23 13:00:09 +0000 2019,@visitortwt,visitortwt1,,0.0,0.0,1.0,0.0,"b'RT SeptianiLisma_ Selain hadiah Rp 2 miliar juara 1,2,3 diajak meninjau langsung lokasi IKN Kalimantan Timur \xe2\x80\xa6'"
Mon Dec 23 13:00:05 +0000 2019,@visitortwt,visitortwt1,,0.4404,0.172,0.828,0.0,"b""RT SeptianiLisma_ Dari aspek `` Rimba Nusantara '' desain dinilai terbaik desain Hak cipta des\xe2\x80\xa6"""
Mon Dec 23 12:59:56 +0000 2019,@visitortwt,visitortwt1,,0.0,0.0,1.0,0.0,b'RT SeptianiLisma_ Pemilihan pemenang didasarkan aspek 1. kota terbebas 2. kota memiliki iden\xe2\x80\xa6'
Mon Dec 23 12:59:50 +0000 2019,@visitortwt,visitortwt1,,0.0,0.0,1.0,0.0,b'RT SeptianiLisma_ Salah dewan juri ridwankamil salah arsitek handal menjabat Gubernur Jawa Barat menyebut \xe2\x80\xa6'
Mon Dec 23 12:59:40 +0000 2019,@visitortwt,visitortwt1,,0.0,0.0,1.0,0.0,"b""RT SeptianiLisma_ Hal dipilihnya desain `` Rimba Nusantara '' menandai pekerjaan bangsa memind\xe2\x80\xa6"""
Mon Dec 23 12:59:36 +0000 2019,@visitortwt,visitortwt1,,0.0,0.0,1.0,0.0,"b""RT SeptianiLisma_ Menteri KemenPU Basuki Hadimulyono salah `` komandan '' proses pemindahan Ibu Kota kementeriannya yang\xe2\x80\xa6"""
Mon Dec 23 12:59:30 +0000 2019,@visitortwt,visitortwt1,,0.0,0.0,1.0,0.0,b'RT SeptianiLisma_ masyarakat kesempatan usul berwujud IKN Sebanya\xe2\x80\xa6'
Mon Dec 23 12:59:25 +0000 2019,@visitortwt,visitortwt1,,0.0,0.0,1.0,0.0,b'RT SeptianiLisma_ Bukan sekedar keren indahnya desain sang pemenang kagumi proses say\xe2\x80\xa6'
Mon Dec 23 12:59:16 +0000 2019,@visitortwt,visitortwt1,,0.0,0.0,1.0,0.0,b'RT SeptianiLisma_ Pemenang sayembara desain Ibu Kota Negara Republik Indonesia Kalimantan Timur resmi ditetapkan Senin\xe2\x80\xa6'
Mon Dec 23 12:58:45 +0000 2019,@visitortwt,visitortwt1,,0.0,0.0,1.0,0.0,"b""RT SeptianiLisma_ Rimba Nusantara '' Pemenang Sayembara Desain Ibu Kota Negara Oleh Ghesti Saraswati Alumni Fisip UI -- -UTAS -- Ib\xe2\x80\xa6"""
Mon Dec 23 12:58:28 +0000 2019,MasJen,toekangngopii,Dinegara #ReformasiDikorupsi,0.0,0.0,1.0,0.0,b'RT walhinasional Kajian mendalam dokumen resmi pemerintah mengungkap nama politisi nasional lokal diduga kuat akan\xe2\x80\xa6'
Mon Dec 23 12:54:23 +0000 2019,Gulai_puyu,Gulai_puyu,"West Sumatra, Indonesia",0.0,0.0,1.0,0.0,"b""RT SeptianiLisma_ Rimba Nusantara '' Pemenang Sayembara Desain Ibu Kota Negara Oleh Ghesti Saraswati Alumni Fisip UI -- -UTAS -- Ib\xe2\x80\xa6"""
Mon Dec 23 12:52:55 +0000 2019,?,DzkrN,Worldwide,0.0,0.0,1.0,0.0,b'RT detikcom Mantul Desain Nagara Rimba Nusantara memenangkan sayembara kota negara IKN Kaltim Pemilik desain meng\xe2\x80\xa6'
Mon Dec 23 12:52:47 +0000 2019,Why So Serious?,SydSalesman,Mlati Glondong - Sleman,0.0,0.0,1.0,0.0,"b""RT SeptianiLisma_ Rimba Nusantara '' Pemenang Sayembara Desain Ibu Kota Negara Oleh Ghesti Saraswati Alumni Fisip UI -- -UTAS -- Ib\xe2\x80\xa6"""
Mon Dec 23 12:50:52 +0000 2019,Fitri Yunita,fitriiyunitaa,"West Sumatra, Indonesia",0.0,0.0,1.0,0.0,b'RT detikcom Mantul Desain Nagara Rimba Nusantara memenangkan sayembara kota negara IKN Kalimantan Timur Begini konsepnya \xe2\x80\xa6'
Mon Dec 23 12:49:28 +0000 2019,bangkapos,bangkaposdotcom,Kota Pangkal Pinang,0.0,0.0,1.0,0.0,b'Nagara Rimba Nusa Pemenang Sayembara Desain Ibu Kota Baru Negara Begini Penampakan Desainnya\xe2\x80\xa6 https //t.co/7KY0b1j50M'
Mon Dec 23 12:47:05 +0000 2019,Popmie,akael95,Indonesia,0.0,0.0,1.0,0.0,b'RT walhinasional Kajian mendalam dokumen resmi pemerintah mengungkap nama politisi nasional lokal diduga kuat akan\xe2\x80\xa6'
Mon Dec 23 12:38:59 +0000 2019,Nang Lecir,erryfreakz,Bali,0.0,0.0,1.0,0.0,b'RT detikcom Mantul Desain Nagara Rimba Nusantara memenangkan sayembara kota negara IKN Kaltim Pemilik desain meng\xe2\x80\xa6'
Mon Dec 23 12:36:35 +0000 2019,Kirana Faizah,faizah_kirana,,0.0,0.0,1.0,0.0,"b""RT SeptianiLisma_ Rimba Nusantara '' Pemenang Sayembara Desain Ibu Kota Negara Oleh Ghesti Saraswati Alumni Fisip UI -- -UTAS -- Ib\xe2\x80\xa6"""
Mon Dec 23 12:33:49 +0000 2019,Saintlukas231,saintlukas231,,0.0,0.0,1.0,0.0,b'RT detikcom Hari pemenangnya diumumkan Totalnya 755 peserta mengikuti kompetisi sayembara desain kota Ini nih\xe2\x80\xa6'
Mon Dec 23 12:30:03 +0000 2019,V/alembang,yus81,"tanjung priok,jakarta utara",0.0,0.0,1.0,0.0,"b""RT SeptianiLisma_ Rimba Nusantara '' Pemenang Sayembara Desain Ibu Kota Negara Oleh Ghesti Saraswati Alumni Fisip UI -- -UTAS -- Ib\xe2\x80\xa6"""
Mon Dec 23 12:27:09 +0000 2019,fankychristian,fankych,jakarta,0.0,0.0,1.0,0.0,b'RT detikfinance Mantul Desain Nagara Rimba Nusantara memenangkan sayembara kota negara IKN Kalimantan Timur Begini konsep\xe2\x80\xa6'
Mon Dec 23 12:25:12 +0000 2019,eko w.nendo #wongtani,ekowahyunendo,"Ngawi, Indonesia",0.0,0.0,1.0,0.0,"b""RT SeptianiLisma_ Rimba Nusantara '' Pemenang Sayembara Desain Ibu Kota Negara Oleh Ghesti Saraswati Alumni Fisip UI -- -UTAS -- Ib\xe2\x80\xa6"""
Mon Dec 23 12:22:41 +0000 2019,jibran-inca,jibransauqi,,0.0,0.0,1.0,0.0,b'RT walhinasional Kajian mendalam dokumen resmi pemerintah mengungkap nama politisi nasional lokal diduga kuat akan\xe2\x80\xa6'
Mon Dec 23 12:22:32 +0000 2019,taqi,tonggosmovic,di bawah langit masih ada bumi,0.0,0.0,1.0,0.0,b'RT walhinasional Kajian mendalam dokumen resmi pemerintah mengungkap nama politisi nasional lokal diduga kuat akan\xe2\x80\xa6'
Mon Dec 23 12:22:31 +0000 2019,Silvya,silvyeay,Hidden Paradise,0.0,0.0,1.0,0.0,b'RT walhinasional Beban lingkungan Kaltim yg sdh berat ekstraksi sumber daya alam akn bertambah krisis multidimensi perl\xe2\x80\xa6'
Mon Dec 23 12:21:13 +0000 2019,Wong Lonjo,burhanleho,"Trenggalek, Indonesia",0.0,0.0,1.0,0.0,"b""RT SeptianiLisma_ Rimba Nusantara '' Pemenang Sayembara Desain Ibu Kota Negara Oleh Ghesti Saraswati Alumni Fisip UI -- -UTAS -- Ib\xe2\x80\xa6"""
Mon Dec 23 12:11:52 +0000 2019,·Æò·Æ§·Æá·Æñ·Æ¶·Æò·Æ™,biofeb,·Æò·Æî·Æ™·Æì·Æ•·ÆÄ  [Bandung],0.0,0.0,1.0,0.0,b'RT walhinasional Beban lingkungan Kaltim yg sdh berat ekstraksi sumber daya alam akn bertambah krisis multidimensi perl\xe2\x80\xa6'
Mon Dec 23 12:11:46 +0000 2019,·Æò·Æ§·Æá·Æñ·Æ¶·Æò·Æ™,biofeb,·Æò·Æî·Æ™·Æì·Æ•·ÆÄ  [Bandung],0.0,0.0,1.0,0.0,b'RT walhinasional Kajian mendalam dokumen resmi pemerintah mengungkap nama politisi nasional lokal diduga kuat akan\xe2\x80\xa6'
Mon Dec 23 12:11:02 +0000 2019,Abi din,Daniabidin1,"West Papua, Indonesia",0.0,0.0,1.0,0.0,b'RT walhinasional Kajian mendalam dokumen resmi pemerintah mengungkap nama politisi nasional lokal diduga kuat akan\xe2\x80\xa6'
Mon Dec 23 12:10:56 +0000 2019,‡Æú UniPipy ‡Æú,andhika_thalib,,0.0,0.0,1.0,0.0,"b""RT SeptianiLisma_ Rimba Nusantara '' Pemenang Sayembara Desain Ibu Kota Negara Oleh Ghesti Saraswati Alumni Fisip UI -- -UTAS -- Ib\xe2\x80\xa6"""
Mon Dec 23 12:08:31 +0000 2019,AntiMandi Pagi,herkatryafitra,Indonesia,0.0,0.0,1.0,0.0,b'RT walhinasional Kajian mendalam dokumen resmi pemerintah mengungkap nama politisi nasional lokal diduga kuat akan\xe2\x80\xa6'
Mon Dec 23 12:08:16 +0000 2019,ohtentusayatahu,sayakanmapres,,0.0,0.0,1.0,0.0,b'RT walhinasional Kajian mendalam dokumen resmi pemerintah mengungkap nama politisi nasional lokal diduga kuat akan\xe2\x80\xa6'
Mon Dec 23 12:08:15 +0000 2019,agus supriyadi,aguskunimitsu,Masih di bumi ,0.0,0.0,1.0,0.0,b'RT walhinasional Kajian mendalam dokumen resmi pemerintah mengungkap nama politisi nasional lokal diduga kuat akan\xe2\x80\xa6'
Mon Dec 23 12:03:33 +0000 2019,Yusron,yvsron,KOTA BATU,0.0,0.0,1.0,0.0,"b""RT SeptianiLisma_ Rimba Nusantara '' Pemenang Sayembara Desain Ibu Kota Negara Oleh Ghesti Saraswati Alumni Fisip UI -- -UTAS -- Ib\xe2\x80\xa6"""
Mon Dec 23 12:02:12 +0000 2019,Faris Fauzan,frsfauzan,Neverland,0.0,0.0,1.0,0.0,b'RT walhinasional Kajian mendalam dokumen resmi pemerintah mengungkap nama politisi nasional lokal diduga kuat akan\xe2\x80\xa6'
Mon Dec 23 12:02:10 +0000 2019,Lina Chan,Lina_Febriana,Indonesia,0.0,0.0,1.0,0.0,b'RT detikcom Mantul Desain Nagara Rimba Nusantara memenangkan sayembara kota negara IKN Kaltim Pemilik desain meng\xe2\x80\xa6'
Mon Dec 23 11:58:44 +0000 2019,kenjiarioki 4th,WhyHerdy,,0.0,0.0,1.0,0.0,b'RT walhinasional Kajian mendalam dokumen resmi pemerintah mengungkap nama politisi nasional lokal diduga kuat akan\xe2\x80\xa6'
Mon Dec 23 11:56:37 +0000 2019,üá≤üá®Galih_Akeküá≤üá®,Galih_Akek,,0.0,0.0,1.0,0.0,"b""RT SeptianiLisma_ Rimba Nusantara '' Pemenang Sayembara Desain Ibu Kota Negara Oleh Ghesti Saraswati Alumni Fisip UI -- -UTAS -- Ib\xe2\x80\xa6"""
Mon Dec 23 11:56:20 +0000 2019,Firza Afid,fplusams,,0.0,0.0,1.0,0.0,b'RT walhinasional Kajian mendalam dokumen resmi pemerintah mengungkap nama politisi nasional lokal diduga kuat akan\xe2\x80\xa6'
Mon Dec 23 11:56:18 +0000 2019,Firza Afid,fplusams,,0.0,0.0,1.0,0.0,b'RT walhinasional Beban lingkungan Kaltim yg sdh berat ekstraksi sumber daya alam akn bertambah krisis multidimensi perl\xe2\x80\xa6'
Mon Dec 23 11:52:53 +0000 2019,WALHI Nasional,walhinasional,Indonesia,0.0,0.0,1.0,0.0,b'Beban lingkungan Kaltim yg sdh berat ekstraksi sumber daya alam akn bertambah krisis multidimensi oleh\xe2\x80\xa6 https //t.co/H9OTs4CL59'
Mon Dec 23 11:52:50 +0000 2019,WALHI Nasional,walhinasional,Indonesia,0.0,0.0,1.0,0.0,b'Kajian mendalam dokumen resmi pemerintah mengungkap nama politisi nasional lokal diduga kuat\xe2\x80\xa6 https //t.co/9RADJlSrew'
Mon Dec 23 11:51:24 +0000 2019,eko budi setiawan,wawan_echo83,"Tangerang, Indonesia",0.0,0.0,1.0,0.0,"b""RT SeptianiLisma_ Rimba Nusantara '' Pemenang Sayembara Desain Ibu Kota Negara Oleh Ghesti Saraswati Alumni Fisip UI -- -UTAS -- Ib\xe2\x80\xa6"""
Mon Dec 23 11:49:14 +0000 2019,errik,errik_irwan,"Semarang, Indonesia",0.0,0.0,1.0,0.0,b'Dandhy_Laksono Merah_Johansyah Padahal diumumin pemenang sayembara IbuKotaBaru \xf0\x9f\x99\x88 https //t.co/mew9mkUhdX'
Mon Dec 23 11:46:02 +0000 2019,zefry,zefry1974,tangerang,0.0,0.0,1.0,0.0,"b""RT SeptianiLisma_ Rimba Nusantara '' Pemenang Sayembara Desain Ibu Kota Negara Oleh Ghesti Saraswati Alumni Fisip UI -- -UTAS -- Ib\xe2\x80\xa6"""
Mon Dec 23 11:42:53 +0000 2019,"khameem, adi nur.",manustresvo,"Bandung, Indonesia",0.0,0.0,1.0,0.0,b'Selamat Semoga pembangunannya lancar sukses jaya dikorupsi amin Sumber WA Grup wkwkwk intinya milikn\xe2\x80\xa6 https //t.co/1h6Ol1Y1nC'
Mon Dec 23 11:36:45 +0000 2019,Orang Gede,Okyadam78,,0.0,0.0,1.0,0.0,b'Antrian tongkang batubara IbuKotaBaru BatuBara KaltimBerdaulat https //t.co/QB8sb5Im2W'
Mon Dec 23 11:36:39 +0000 2019,Soleh Yusrivan,SYusrivan,"Kedawung, Sragen",0.0,0.0,1.0,0.0,b'RT detikcom Mantul Desain Nagara Rimba Nusantara memenangkan sayembara kota negara IKN Kaltim Pemilik desain meng\xe2\x80\xa6'
Mon Dec 23 11:35:26 +0000 2019,HELDINA,apriliamoneta,Bogor-Yogyakarta-Indonesia,0.0,0.0,1.0,0.0,b'RT detikcom Mantul Desain Nagara Rimba Nusantara memenangkan sayembara kota negara IKN Kaltim Pemilik desain meng\xe2\x80\xa6'
Mon Dec 23 11:35:00 +0000 2019,ayaheko,ekosunyo18,"Bandung, Jawa Barat",0.0,0.0,1.0,0.0,"b""RT SeptianiLisma_ Rimba Nusantara '' Pemenang Sayembara Desain Ibu Kota Negara Oleh Ghesti Saraswati Alumni Fisip UI -- -UTAS -- Ib\xe2\x80\xa6"""
Mon Dec 23 11:29:58 +0000 2019,SanS-Ae,ilham_santo,,0.0,0.0,1.0,0.0,b'Ya Allah lancarkan pembangunan ibukota Indonesia IbuKotaBaru https //t.co/3vZeIRhjjn'
Mon Dec 23 11:29:33 +0000 2019,üìç,aseprendira,,0.0,0.0,1.0,0.0,b'RT detikcom Mantul Desain Nagara Rimba Nusantara memenangkan sayembara kota negara IKN Kaltim Pemilik desain meng\xe2\x80\xa6'
Mon Dec 23 11:27:26 +0000 2019,D.H.F.R.,DerLan_15,Rain City,0.0,0.0,1.0,0.0,"b""RT SeptianiLisma_ Rimba Nusantara '' Pemenang Sayembara Desain Ibu Kota Negara Oleh Ghesti Saraswati Alumni Fisip UI -- -UTAS -- Ib\xe2\x80\xa6"""
Mon Dec 23 11:20:53 +0000 2019,Dikdo Yuswantoro,DikdoYuswantoro,"Jakarta Barat, DKI Jakarta",0.0,0.0,1.0,0.0,b'RT detikcom Mantul Desain Nagara Rimba Nusantara memenangkan sayembara kota negara IKN Kaltim Pemilik desain meng\xe2\x80\xa6'
Mon Dec 23 11:19:55 +0000 2019,Frizky Rahmadhani,frizky_dhani,on earth,0.0,0.0,1.0,0.0,b'RT detikcom Mantul Desain Nagara Rimba Nusantara memenangkan sayembara kota negara IKN Kaltim Pemilik desain meng\xe2\x80\xa6'
Mon Dec 23 11:16:20 +0000 2019,.,95zddaegu,,0.0,0.0,1.0,0.0,b'RT detikcom Mantul Desain Nagara Rimba Nusantara memenangkan sayembara kota negara IKN Kaltim Pemilik desain meng\xe2\x80\xa6'
Mon Dec 23 11:13:33 +0000 2019,üÖ∞Ô∏è‚èØ,AdyRiawan,"√úT: -7.665689,112.697584",0.0,0.0,1.0,0.0,b'RT detikfinance Mantul Desain Nagara Rimba Nusantara memenangkan sayembara kota negara IKN Kalimantan Timur Begini konsep\xe2\x80\xa6'
Mon Dec 23 11:09:34 +0000 2019,Mollusca                                       .,itokomar,Indonesia bagian barat,0.0,0.0,1.0,0.0,"b""RT SeptianiLisma_ Rimba Nusantara '' Pemenang Sayembara Desain Ibu Kota Negara Oleh Ghesti Saraswati Alumni Fisip UI -- -UTAS -- Ib\xe2\x80\xa6"""
Mon Dec 23 10:58:25 +0000 2019,Gelandangan Kampus,RifckyAL,Manchester-Cirebon,0.0,0.0,1.0,0.0,b'RT detikcom Mantul Desain Nagara Rimba Nusantara memenangkan sayembara kota negara IKN Kaltim Pemilik desain meng\xe2\x80\xa6'
Mon Dec 23 10:53:04 +0000 2019,Hanief Harahap,abehanief,Banda Aceh,0.0,0.0,1.0,0.0,b'RT detikcom Mantul Desain Nagara Rimba Nusantara memenangkan sayembara kota negara IKN Kaltim Pemilik desain meng\xe2\x80\xa6'
Mon Dec 23 10:49:53 +0000 2019,Militan Garis Lurus,MilitanGL,Jakarta Capital Region,0.0,0.0,1.0,0.0,"b""RT SeptianiLisma_ Rimba Nusantara '' Pemenang Sayembara Desain Ibu Kota Negara Oleh Ghesti Saraswati Alumni Fisip UI -- -UTAS -- Ib\xe2\x80\xa6"""
Mon Dec 23 10:46:37 +0000 2019,Simon,Lothar_Imanuel4,Pontianak,0.0,0.0,1.0,0.0,b'RT detikcom Mantul Desain Nagara Rimba Nusantara memenangkan sayembara kota negara IKN Kaltim Pemilik desain meng\xe2\x80\xa6'
Mon Dec 23 10:46:07 +0000 2019,Sirenia,Verinata8,Beacon Hill,0.0,0.0,1.0,0.0,b'RT SeptianiLisma_ Membuka sayembara desain IKN warga ikuti Itulah inti demokrasi masyarakat mengurusi terlibat\xe2\x80\xa6'
Mon Dec 23 10:45:42 +0000 2019,Sirenia,Verinata8,Beacon Hill,0.0,0.0,1.0,0.0,b'RT SeptianiLisma_ Ketika menilai pemindahan IKN melibatkan rakyat faktanya des\xe2\x80\xa6'
Mon Dec 23 10:44:54 +0000 2019,Sirenia,Verinata8,Beacon Hill,0.0,0.0,1.0,0.0,"b""RT SeptianiLisma_ Beberapa unsur ide desain peringkat 2 3 dikolaborasikan `` Rimba Nusantara '' pemeri\xe2\x80\xa6"""
Mon Dec 23 10:44:53 +0000 2019,Sirenia,Verinata8,Beacon Hill,0.0,0.0,1.0,0.0,"b'RT SeptianiLisma_ Selain hadiah Rp 2 miliar juara 1,2,3 diajak meninjau langsung lokasi IKN Kalimantan Timur \xe2\x80\xa6'"
Mon Dec 23 10:44:50 +0000 2019,Sirenia,Verinata8,Beacon Hill,0.4404,0.172,0.828,0.0,"b""RT SeptianiLisma_ Dari aspek `` Rimba Nusantara '' desain dinilai terbaik desain Hak cipta des\xe2\x80\xa6"""
Mon Dec 23 10:44:44 +0000 2019,Sirenia,Verinata8,Beacon Hill,0.0,0.0,1.0,0.0,b'RT SeptianiLisma_ Pemilihan pemenang didasarkan aspek 1. kota terbebas 2. kota memiliki iden\xe2\x80\xa6'
Mon Dec 23 10:44:42 +0000 2019,Sirenia,Verinata8,Beacon Hill,0.0,0.0,1.0,0.0,b'RT SeptianiLisma_ Salah dewan juri ridwankamil salah arsitek handal menjabat Gubernur Jawa Barat menyebut \xe2\x80\xa6'
Mon Dec 23 10:44:40 +0000 2019,Sirenia,Verinata8,Beacon Hill,0.0,0.0,1.0,0.0,"b""RT SeptianiLisma_ Hal dipilihnya desain `` Rimba Nusantara '' menandai pekerjaan bangsa memind\xe2\x80\xa6"""
Mon Dec 23 10:44:38 +0000 2019,Sirenia,Verinata8,Beacon Hill,0.0,0.0,1.0,0.0,"b""RT SeptianiLisma_ Menteri KemenPU Basuki Hadimulyono salah `` komandan '' proses pemindahan Ibu Kota kementeriannya yang\xe2\x80\xa6"""
Mon Dec 23 10:44:35 +0000 2019,Sirenia,Verinata8,Beacon Hill,0.0,0.0,1.0,0.0,b'RT SeptianiLisma_ masyarakat kesempatan usul berwujud IKN Sebanya\xe2\x80\xa6'
Mon Dec 23 10:44:34 +0000 2019,Sirenia,Verinata8,Beacon Hill,0.0,0.0,1.0,0.0,b'RT SeptianiLisma_ Bukan sekedar keren indahnya desain sang pemenang kagumi proses say\xe2\x80\xa6'
Mon Dec 23 10:44:31 +0000 2019,Sirenia,Verinata8,Beacon Hill,0.0,0.0,1.0,0.0,b'RT SeptianiLisma_ Pemenang sayembara desain Ibu Kota Negara Republik Indonesia Kalimantan Timur resmi ditetapkan Senin\xe2\x80\xa6'
Mon Dec 23 10:44:28 +0000 2019,Sirenia,Verinata8,Beacon Hill,0.0,0.0,1.0,0.0,"b""RT SeptianiLisma_ Rimba Nusantara '' Pemenang Sayembara Desain Ibu Kota Negara Oleh Ghesti Saraswati Alumni Fisip UI -- -UTAS -- Ib\xe2\x80\xa6"""
Mon Dec 23 10:40:03 +0000 2019,473XZ,alexand24303963,pontianak,0.0,0.0,1.0,0.0,b'RT detikcom Mantul Desain Nagara Rimba Nusantara memenangkan sayembara kota negara IKN Kaltim Pemilik desain meng\xe2\x80\xa6'
Mon Dec 23 10:36:21 +0000 2019,rydw,yudo_ryan,Jakarta Capital Region,0.0,0.0,1.0,0.0,"b""RT SeptianiLisma_ Rimba Nusantara '' Pemenang Sayembara Desain Ibu Kota Negara Oleh Ghesti Saraswati Alumni Fisip UI -- -UTAS -- Ib\xe2\x80\xa6"""
Mon Dec 23 10:32:42 +0000 2019,NalaR ‚òï,Paltiwest,"Medan dan Jakarta, Indonesia",0.0,0.0,1.0,0.0,"b""RT SeptianiLisma_ Rimba Nusantara '' Pemenang Sayembara Desain Ibu Kota Negara Oleh Ghesti Saraswati Alumni Fisip UI -- -UTAS -- Ib\xe2\x80\xa6"""
Mon Dec 23 10:23:57 +0000 2019,Adhi Ramadani,RizkiR4madani,"Depok, Indonesia",0.0,0.0,1.0,0.0,"b""RT SeptianiLisma_ Hal dipilihnya desain `` Rimba Nusantara '' menandai pekerjaan bangsa memind\xe2\x80\xa6"""
Mon Dec 23 10:22:33 +0000 2019,Yusuf Nusantara,YusufNusantara1,,0.0,0.0,1.0,0.0,"b""RT SeptianiLisma_ Rimba Nusantara '' Pemenang Sayembara Desain Ibu Kota Negara Oleh Ghesti Saraswati Alumni Fisip UI -- -UTAS -- Ib\xe2\x80\xa6"""
Mon Dec 23 10:22:13 +0000 2019,Phil Celleng,Mataka81760170,Bantar Angin. Pecukpecukilan.,0.0,0.0,1.0,0.0,b'RT SeptianiLisma_ Membuka sayembara desain IKN warga ikuti Itulah inti demokrasi masyarakat mengurusi terlibat\xe2\x80\xa6'
Mon Dec 23 10:22:10 +0000 2019,Phil Celleng,Mataka81760170,Bantar Angin. Pecukpecukilan.,0.0,0.0,1.0,0.0,b'RT SeptianiLisma_ Ketika menilai pemindahan IKN melibatkan rakyat faktanya des\xe2\x80\xa6'
Mon Dec 23 10:21:44 +0000 2019,Phil Celleng,Mataka81760170,Bantar Angin. Pecukpecukilan.,0.0,0.0,1.0,0.0,"b""RT SeptianiLisma_ Beberapa unsur ide desain peringkat 2 3 dikolaborasikan `` Rimba Nusantara '' pemeri\xe2\x80\xa6"""
Mon Dec 23 10:21:32 +0000 2019,Phil Celleng,Mataka81760170,Bantar Angin. Pecukpecukilan.,0.0,0.0,1.0,0.0,"b'RT SeptianiLisma_ Selain hadiah Rp 2 miliar juara 1,2,3 diajak meninjau langsung lokasi IKN Kalimantan Timur \xe2\x80\xa6'"
Mon Dec 23 10:21:28 +0000 2019,Phil Celleng,Mataka81760170,Bantar Angin. Pecukpecukilan.,0.4404,0.172,0.828,0.0,"b""RT SeptianiLisma_ Dari aspek `` Rimba Nusantara '' desain dinilai terbaik desain Hak cipta des\xe2\x80\xa6"""
Mon Dec 23 10:21:24 +0000 2019,Phil Celleng,Mataka81760170,Bantar Angin. Pecukpecukilan.,0.0,0.0,1.0,0.0,b'RT SeptianiLisma_ Pemilihan pemenang didasarkan aspek 1. kota terbebas 2. kota memiliki iden\xe2\x80\xa6'
Mon Dec 23 10:21:20 +0000 2019,Phil Celleng,Mataka81760170,Bantar Angin. Pecukpecukilan.,0.0,0.0,1.0,0.0,b'RT SeptianiLisma_ Salah dewan juri ridwankamil salah arsitek handal menjabat Gubernur Jawa Barat menyebut \xe2\x80\xa6'
Mon Dec 23 10:21:16 +0000 2019,Phil Celleng,Mataka81760170,Bantar Angin. Pecukpecukilan.,0.0,0.0,1.0,0.0,"b""RT SeptianiLisma_ Hal dipilihnya desain `` Rimba Nusantara '' menandai pekerjaan bangsa memind\xe2\x80\xa6"""
Mon Dec 23 10:21:09 +0000 2019,Phil Celleng,Mataka81760170,Bantar Angin. Pecukpecukilan.,0.0,0.0,1.0,0.0,"b""RT SeptianiLisma_ Menteri KemenPU Basuki Hadimulyono salah `` komandan '' proses pemindahan Ibu Kota kementeriannya yang\xe2\x80\xa6"""
Mon Dec 23 10:20:53 +0000 2019,Phil Celleng,Mataka81760170,Bantar Angin. Pecukpecukilan.,0.0,0.0,1.0,0.0,b'RT SeptianiLisma_ masyarakat kesempatan usul berwujud IKN Sebanya\xe2\x80\xa6'
Mon Dec 23 10:20:45 +0000 2019,Phil Celleng,Mataka81760170,Bantar Angin. Pecukpecukilan.,0.0,0.0,1.0,0.0,b'RT SeptianiLisma_ Bukan sekedar keren indahnya desain sang pemenang kagumi proses say\xe2\x80\xa6'
Mon Dec 23 10:20:40 +0000 2019,Phil Celleng,Mataka81760170,Bantar Angin. Pecukpecukilan.,0.0,0.0,1.0,0.0,b'RT SeptianiLisma_ Pemenang sayembara desain Ibu Kota Negara Republik Indonesia Kalimantan Timur resmi ditetapkan Senin\xe2\x80\xa6'
Mon Dec 23 10:20:25 +0000 2019,Phil Celleng,Mataka81760170,Bantar Angin. Pecukpecukilan.,0.0,0.0,1.0,0.0,"b""RT SeptianiLisma_ Rimba Nusantara '' Pemenang Sayembara Desain Ibu Kota Negara Oleh Ghesti Saraswati Alumni Fisip UI -- -UTAS -- Ib\xe2\x80\xa6"""
Mon Dec 23 10:18:43 +0000 2019,‚≠êPro-Justitia‚≠ê,PJustitia7,,0.0,0.0,1.0,0.0,"b""RT SeptianiLisma_ Rimba Nusantara '' Pemenang Sayembara Desain Ibu Kota Negara Oleh Ghesti Saraswati Alumni Fisip UI -- -UTAS -- Ib\xe2\x80\xa6"""
Mon Dec 23 10:17:25 +0000 2019,(4C)yswandi,yswandi,NKRI,0.0,0.0,1.0,0.0,"b""RT SeptianiLisma_ Rimba Nusantara '' Pemenang Sayembara Desain Ibu Kota Negara Oleh Ghesti Saraswati Alumni Fisip UI -- -UTAS -- Ib\xe2\x80\xa6"""
Mon Dec 23 10:15:56 +0000 2019,Saya 'NgAhok',hgberry,,0.0,0.0,1.0,0.0,"b""RT SeptianiLisma_ Rimba Nusantara '' Pemenang Sayembara Desain Ibu Kota Negara Oleh Ghesti Saraswati Alumni Fisip UI -- -UTAS -- Ib\xe2\x80\xa6"""
Mon Dec 23 10:15:49 +0000 2019,SNT,Tha_Synta,,0.0,0.0,1.0,0.0,b'RT detikcom Mantul Desain Nagara Rimba Nusantara memenangkan sayembara kota negara IKN Kaltim Pemilik desain meng\xe2\x80\xa6'
Mon Dec 23 10:13:03 +0000 2019,Smart People,Orang2Pintar,,0.0,0.0,1.0,0.0,b'RT RiskhaAmalia_ Wiih Ibu Kota Baru keren banget ... \xf0\x9f\x98\x8d\xf0\x9f\x98\x8d\xf0\x9f\x98\x8d IbuKotaBaru RebahanAdalahLiburanku cc BiLLRaY2019 bangzul_88 BuuloloAriant\xe2\x80\xa6'
Mon Dec 23 10:12:00 +0000 2019,Smart People,Orang2Pintar,,0.0,0.0,1.0,0.0,b'RT BudiSarap Semoga Ibu Kota Baru Segera terwujud ... IbuKotaBaru https //t.co/2VeaolLG2W'
Mon Dec 23 10:11:51 +0000 2019,Smart People,Orang2Pintar,,0.0,0.0,1.0,0.0,"b""RT SeptianiLisma_ Rimba Nusantara '' Pemenang Sayembara Desain Ibu Kota Negara Oleh Ghesti Saraswati Alumni Fisip UI -- -UTAS -- Ib\xe2\x80\xa6"""
Mon Dec 23 10:11:37 +0000 2019,Ty,ChristyAdila,Indonesia,0.0,0.0,1.0,0.0,b'RT detikcom Mantul Desain Nagara Rimba Nusantara memenangkan sayembara kota negara IKN Kaltim Pemilik desain meng\xe2\x80\xa6'
Mon Dec 23 10:10:02 +0000 2019,Ajidsaid,Ajidlosa,,0.0,0.0,1.0,0.0,"b""RT SeptianiLisma_ Rimba Nusantara '' Pemenang Sayembara Desain Ibu Kota Negara Oleh Ghesti Saraswati Alumni Fisip UI -- -UTAS -- Ib\xe2\x80\xa6"""
Mon Dec 23 10:05:31 +0000 2019,#MenujuPilwali2020,reportaseSMR,samarinda,0.0,0.0,1.0,0.0,b'Waw Dibantai Atalanta 5 Gol Tanpa Balas Zvonimir Boban Sebut AC Milan Memalukan Minta Milanisti Begini\xe2\x80\xa6 https //t.co/sfd3eGp98v'
Mon Dec 23 10:05:30 +0000 2019,#MenujuPilwali2020,reportaseSMR,samarinda,0.0,0.0,1.0,0.0,b'Waw Kuliner Khas Betawi Sudah Ada Sejak Abad 14 Berikut 4 Fakta Unik Nasi Uduk https //t.co/S7v46SXRfV\xe2\x80\xa6 https //t.co/BihwBEnVE3'
Mon Dec 23 10:05:30 +0000 2019,#MenujuPilwali2020,reportaseSMR,samarinda,0.0,0.0,1.0,0.0,b'Waw Presiden Jokowi Setuju Alokasi Rp 100 M Universitas Borneo Tarakan Dome Akan Dibangun\xe2\x80\xa6 https //t.co/GIHrYkJ0rP'
Mon Dec 23 10:05:29 +0000 2019,#MenujuPilwali2020,reportaseSMR,samarinda,0.0,0.0,1.0,0.0,b'Waw Ramalan Zodiak Besok Selasa 24 Desember 2019 Aquarius Terjebak Masalah Hari Berat Virgo\xe2\x80\xa6 https //t.co/ilIjpPPPiy'
Mon Dec 23 10:05:29 +0000 2019,#MenujuPilwali2020,reportaseSMR,samarinda,0.0,0.0,1.0,0.0,b'Waw BREAKING NEWS Diduga Terpeleset Bocah Asal Desa Loa Kulu Kukar Tenggelam Sungai Mahakam\xe2\x80\xa6 https //t.co/BdIktg0F6o'
Mon Dec 23 10:01:55 +0000 2019,bangkit,__bangkit,Cepu -  Bandung,0.0,0.0,1.0,0.0,b'RT detikcom Mantul Desain Nagara Rimba Nusantara memenangkan sayembara kota negara IKN Kaltim Pemilik desain meng\xe2\x80\xa6'
Mon Dec 23 10:01:13 +0000 2019,viva krisnamurti,vivapurnama,Jakarta ,0.0,0.0,1.0,0.0,b'RT detikcom Mantul Desain Nagara Rimba Nusantara memenangkan sayembara kota negara IKN Kaltim Pemilik desain meng\xe2\x80\xa6'
Mon Dec 23 09:59:31 +0000 2019,viva krisnamurti,vivapurnama,Jakarta ,0.0,0.0,1.0,0.0,b'RT detikfinance Mantul Desain Nagara Rimba Nusantara memenangkan sayembara kota negara IKN Kalimantan Timur Begini konsep\xe2\x80\xa6'
Mon Dec 23 09:58:55 +0000 2019,Juan Felix Pradana,JuanFelixPrada3,,0.0,0.0,1.0,0.0,b'RT detikcom Mantul Desain Nagara Rimba Nusantara memenangkan sayembara kota negara IKN Kaltim Pemilik desain meng\xe2\x80\xa6'
Mon Dec 23 09:55:06 +0000 2019,Latif Makara Irawan,MakaraLatif,,0.0,0.0,1.0,0.0,b'RT SeptianiLisma_ Pemenang sayembara desain Ibu Kota Negara Republik Indonesia Kalimantan Timur resmi ditetapkan Senin\xe2\x80\xa6'
Mon Dec 23 09:51:34 +0000 2019,NOVI,novibeloo,,0.0,0.0,1.0,0.0,b'RT jabarnewss Inilah Nama Pemenang Desain Ibu Kota Negara Baru Link\xe2\xac\x87\xef\xb8\x8f https //t.co/cGv3mNV7hp KemenPU jabarnews jabarupdate beritaja\xe2\x80\xa6'
Mon Dec 23 09:51:28 +0000 2019,Treleps,Treleps,,0.0,0.0,1.0,0.0,"b""RT SeptianiLisma_ Rimba Nusantara '' Pemenang Sayembara Desain Ibu Kota Negara Oleh Ghesti Saraswati Alumni Fisip UI -- -UTAS -- Ib\xe2\x80\xa6"""
Mon Dec 23 09:47:12 +0000 2019,Mas MU,amarnurk,Di Jalan yg Semoga JalanNya,0.0,0.0,1.0,0.0,"b""RT SeptianiLisma_ Rimba Nusantara '' Pemenang Sayembara Desain Ibu Kota Negara Oleh Ghesti Saraswati Alumni Fisip UI -- -UTAS -- Ib\xe2\x80\xa6"""
Mon Dec 23 09:45:02 +0000 2019,Man,lusman_Matupang,"Balikpapan, Kalimantan Timur",0.0,0.0,1.0,0.0,b'RT SeptianiLisma_ Ketika menilai pemindahan IKN melibatkan rakyat faktanya des\xe2\x80\xa6'
Mon Dec 23 09:44:11 +0000 2019,zlarypinkman,alfianbawazier,"Manchester, England",0.0,0.0,1.0,0.0,b'RT detikfinance Mantul Desain Nagara Rimba Nusantara memenangkan sayembara kota negara IKN Kalimantan Timur Begini konsep\xe2\x80\xa6'
Mon Dec 23 09:40:01 +0000 2019,Radif Abrar Asegaf,RadifAbrar,"Kampar, Indonesia",0.0,0.0,1.0,0.0,"b""RT SeptianiLisma_ Rimba Nusantara '' Pemenang Sayembara Desain Ibu Kota Negara Oleh Ghesti Saraswati Alumni Fisip UI -- -UTAS -- Ib\xe2\x80\xa6"""
Mon Dec 23 09:38:16 +0000 2019,HansTwo,_endri_,,0.0,0.0,1.0,0.0,"b""RT SeptianiLisma_ Rimba Nusantara '' Pemenang Sayembara Desain Ibu Kota Negara Oleh Ghesti Saraswati Alumni Fisip UI -- -UTAS -- Ib\xe2\x80\xa6"""
Mon Dec 23 09:35:18 +0000 2019,#MenujuPilwali2020,reportaseSMR,samarinda,0.0,0.0,1.0,0.0,b'Waw Maxim Layanan Ojek Online Penantang Gojek Grab Punya Layanan Berbeda Ini Ada Starter Aki\xe2\x80\xa6 https //t.co/8G1oqKL2ez'
Mon Dec 23 09:35:18 +0000 2019,#MenujuPilwali2020,reportaseSMR,samarinda,0.0,0.0,1.0,0.0,b'Waw Terendah Kaltim Angka Warga Miskin Balikpapan Turun 1.220 Orang Ini Penjelasan Kepala BPS\xe2\x80\xa6 https //t.co/G1q8wVmTFs'
Mon Dec 23 09:35:17 +0000 2019,#MenujuPilwali2020,reportaseSMR,samarinda,0.0,0.0,1.0,0.0,b'Waw Buat Rayakan Libur Natal Paris Inilah 5 Pilihan Tiket Murah Eropa Mulai Rp 9 Jutaan\xe2\x80\xa6 https //t.co/PyOS6ygUSI'
Mon Dec 23 09:35:17 +0000 2019,#MenujuPilwali2020,reportaseSMR,samarinda,0.0,0.0,1.0,0.0,b'Waw Kabar Terbaru Persib Bandung Ezechiel Pamit Vizcarra Mau Cabut Ini Nasib Omid Nick Kuipers\xe2\x80\xa6 https //t.co/l239P1okiJ'
Mon Dec 23 09:35:16 +0000 2019,#MenujuPilwali2020,reportaseSMR,samarinda,0.0,0.0,1.0,0.0,b'Waw Nagara Rimba Nusa Jadi Juara I Sayembara Desain Ibu Kota Baru Berikut Daftar Pemenang Desain\xe2\x80\xa6 https //t.co/6G0BxIxC6l'
Mon Dec 23 09:35:15 +0000 2019,#MenujuPilwali2020,reportaseSMR,samarinda,0.0,0.0,1.0,0.0,b'Waw Umat Muslim Kalimantan Timur 7 Organisasi Keagamaan Gelar Aksi Bela Muslim Uighur https //t.co/dWm0jwZ1vv\xe2\x80\xa6 https //t.co/q5xHvJuRGA'
Mon Dec 23 09:33:43 +0000 2019,frsgt pamuji,frspamuji,,0.0,0.0,1.0,0.0,b'RT detikcom Mantul Desain Nagara Rimba Nusantara memenangkan sayembara kota negara IKN Kalimantan Timur Begini konsepnya \xe2\x80\xa6'
Mon Dec 23 09:29:43 +0000 2019,Sapi Perah Lokal 100% Ori,makibao_indo,"-7.3223968,72.4134862,15z",0.0,0.0,1.0,0.0,"b""RT SeptianiLisma_ Rimba Nusantara '' Pemenang Sayembara Desain Ibu Kota Negara Oleh Ghesti Saraswati Alumni Fisip UI -- -UTAS -- Ib\xe2\x80\xa6"""
Mon Dec 23 09:29:24 +0000 2019,Rivan A. Triawan,ripuuun,"Ambarawa, Kab. Semarang",0.0,0.0,1.0,0.0,b'RT KompasData Keberadaan kawasan hutan lahan terluas se-Kalimantan curah hujan berperan sistem hidrologi Ka\xe2\x80\xa6'
Mon Dec 23 09:28:45 +0000 2019,dani krisw,therealdankris,"East Java, Indonesia",0.0,0.0,1.0,0.0,"b""RT SeptianiLisma_ Rimba Nusantara '' Pemenang Sayembara Desain Ibu Kota Negara Oleh Ghesti Saraswati Alumni Fisip UI -- -UTAS -- Ib\xe2\x80\xa6"""
Mon Dec 23 09:27:47 +0000 2019,Zulkarnaini,bangzul_88,"Jakarta Selatan, DKI Jakarta",0.0,0.0,1.0,0.0,"b""RT SeptianiLisma_ Rimba Nusantara '' Pemenang Sayembara Desain Ibu Kota Negara Oleh Ghesti Saraswati Alumni Fisip UI -- -UTAS -- Ib\xe2\x80\xa6"""
Mon Dec 23 09:22:07 +0000 2019,Adhitya L Andinov,Adhityate,MND-JKT. INA,0.0,0.0,1.0,0.0,b'RT detikcom Mantul Desain Nagara Rimba Nusantara memenangkan sayembara kota negara IKN Kaltim Pemilik desain meng\xe2\x80\xa6'
Mon Dec 23 09:17:32 +0000 2019,R A D,rad674,"Medan Timur, Indonesia",0.0,0.0,1.0,0.0,b'RT detikcom Mantul Desain Nagara Rimba Nusantara memenangkan sayembara kota negara IKN Kaltim Pemilik desain meng\xe2\x80\xa6'
Mon Dec 23 09:16:21 +0000 2019,Toni Outang,ToniOutang2,Kalimantan Barat,0.0,0.0,1.0,0.0,b'RT detikfinance Mantul Desain Nagara Rimba Nusantara memenangkan sayembara kota negara IKN Kalimantan Timur Begini konsep\xe2\x80\xa6'
Mon Dec 23 09:14:41 +0000 2019,Hendar Tusmin,h3nd4r,Medan,0.0,0.0,1.0,0.0,b'RT detikcom Mantul Desain Nagara Rimba Nusantara memenangkan sayembara kota negara IKN Kaltim Pemilik desain meng\xe2\x80\xa6'
Mon Dec 23 09:12:36 +0000 2019,Hendar Tusmin,h3nd4r,Medan,0.0,0.0,1.0,0.0,b'RT detikfinance Mantul Desain Nagara Rimba Nusantara memenangkan sayembara kota negara IKN Kalimantan Timur Begini konsep\xe2\x80\xa6'
Mon Dec 23 09:09:58 +0000 2019,chua lingki,ChuaLingki,,0.0,0.0,1.0,0.0,"b""RT SeptianiLisma_ Rimba Nusantara '' Pemenang Sayembara Desain Ibu Kota Negara Oleh Ghesti Saraswati Alumni Fisip UI -- -UTAS -- Ib\xe2\x80\xa6"""
Mon Dec 23 09:09:52 +0000 2019,Taufan Rezza,TorezAL2fun,Surabaya - Gresik,0.0,0.0,1.0,0.0,b'RT detikcom Mantul Desain Nagara Rimba Nusantara memenangkan sayembara kota negara IKN Kalimantan Timur Begini konsepnya \xe2\x80\xa6'
Mon Dec 23 09:09:37 +0000 2019,Jagongan Politik,SambatPolitik,Neraka,0.0,0.0,1.0,0.0,b'SeptianiLisma_ IbuKotaBaru Indonesia Maju'
Mon Dec 23 09:09:09 +0000 2019,Jagongan Politik,SambatPolitik,Neraka,0.0,0.0,1.0,0.0,"b""RT SeptianiLisma_ Rimba Nusantara '' Pemenang Sayembara Desain Ibu Kota Negara Oleh Ghesti Saraswati Alumni Fisip UI -- -UTAS -- Ib\xe2\x80\xa6"""
Mon Dec 23 09:07:43 +0000 2019,Edoajisaputra,Edoajisaputra3,,0.0,0.0,1.0,0.0,b'RT detikcom Mantul Desain Nagara Rimba Nusantara memenangkan sayembara kota negara IKN Kalimantan Timur Begini konsepnya \xe2\x80\xa6'
Mon Dec 23 09:05:33 +0000 2019,#MenujuPilwali2020,reportaseSMR,samarinda,0.0,0.0,1.0,0.0,b'Waw 4 Hari Promo Superindo Periode 23-26 Desember 2019 Diskon Hingga 45 Persen Banyak Harga Spesial\xe2\x80\xa6 https //t.co/CXPtupQCyr'
Mon Dec 23 09:05:33 +0000 2019,#MenujuPilwali2020,reportaseSMR,samarinda,0.0,0.0,1.0,0.0,b'Waw 20 Ucapan Selamat Natal Tahun Baru 2020 Bisa Dibagikan Keluarga Teman Kolega WhatsApp\xe2\x80\xa6 https //t.co/xxbUuArTYh'
Mon Dec 23 09:05:33 +0000 2019,#MenujuPilwali2020,reportaseSMR,samarinda,0.0,0.0,1.0,0.0,b'Waw Lepas Milomir Seslija Arema FC Coba Bajak Mario Gomez Borneo FC Reaksi Presiden Nabil Husein\xe2\x80\xa6 https //t.co/gzCisVwyMe'
Mon Dec 23 09:05:32 +0000 2019,#MenujuPilwali2020,reportaseSMR,samarinda,0.0,0.0,1.0,0.0,b'Waw Peringati Hari Ibu Ketua PKK Berau Berikan Apresiasi Kepada Perempuan Pedagang Pasar\xe2\x80\xa6 https //t.co/JuiKo11sJ2'
Mon Dec 23 09:04:45 +0000 2019,Wife-nya Pilot Gagak Airlines ‚úà,rosetheleader,Everywhere,0.0,0.0,1.0,0.0,"b""RT SeptianiLisma_ Rimba Nusantara '' Pemenang Sayembara Desain Ibu Kota Negara Oleh Ghesti Saraswati Alumni Fisip UI -- -UTAS -- Ib\xe2\x80\xa6"""
Mon Dec 23 09:04:33 +0000 2019,Latif Makara Irawan,MakaraLatif,,0.0,0.0,1.0,0.0,b'SeptianiLisma_ Woow IbuKotaBaru keren banget'
Mon Dec 23 09:04:14 +0000 2019,Latif Makara Irawan,MakaraLatif,,0.0,0.0,1.0,0.0,"b""RT SeptianiLisma_ Rimba Nusantara '' Pemenang Sayembara Desain Ibu Kota Negara Oleh Ghesti Saraswati Alumni Fisip UI -- -UTAS -- Ib\xe2\x80\xa6"""
Mon Dec 23 09:04:09 +0000 2019,Pengensadar üëÅ,ArSunantoaris,"Jakarta Timur, DKI Jakarta",0.0,0.0,1.0,0.0,b'RT SeptianiLisma_ Membuka sayembara desain IKN warga ikuti Itulah inti demokrasi masyarakat mengurusi terlibat\xe2\x80\xa6'
Mon Dec 23 09:03:23 +0000 2019,Pengensadar üëÅ,ArSunantoaris,"Jakarta Timur, DKI Jakarta",0.0,0.0,1.0,0.0,b'RT SeptianiLisma_ masyarakat kesempatan usul berwujud IKN Sebanya\xe2\x80\xa6'
Mon Dec 23 09:03:15 +0000 2019,Pengensadar üëÅ,ArSunantoaris,"Jakarta Timur, DKI Jakarta",0.0,0.0,1.0,0.0,b'RT SeptianiLisma_ Bukan sekedar keren indahnya desain sang pemenang kagumi proses say\xe2\x80\xa6'
Mon Dec 23 09:03:01 +0000 2019,Pengensadar üëÅ,ArSunantoaris,"Jakarta Timur, DKI Jakarta",0.0,0.0,1.0,0.0,b'RT SeptianiLisma_ Pemenang sayembara desain Ibu Kota Negara Republik Indonesia Kalimantan Timur resmi ditetapkan Senin\xe2\x80\xa6'
Mon Dec 23 09:02:49 +0000 2019,Pengensadar üëÅ,ArSunantoaris,"Jakarta Timur, DKI Jakarta",0.0,0.0,1.0,0.0,"b""RT SeptianiLisma_ Rimba Nusantara '' Pemenang Sayembara Desain Ibu Kota Negara Oleh Ghesti Saraswati Alumni Fisip UI -- -UTAS -- Ib\xe2\x80\xa6"""
Mon Dec 23 09:02:44 +0000 2019,ArdiGarisPolos‚Ñ¢#JNWA,ArdiGarisPolos,"South Jakarta, Indonesian",0.0,0.0,1.0,0.0,"b""RT SeptianiLisma_ Rimba Nusantara '' Pemenang Sayembara Desain Ibu Kota Negara Oleh Ghesti Saraswati Alumni Fisip UI -- -UTAS -- Ib\xe2\x80\xa6"""
Mon Dec 23 09:01:38 +0000 2019,TigerSharküèÑ‚Äç‚ôÇÔ∏è,BuuloloArianto,,0.0,0.0,1.0,0.0,"b""RT SeptianiLisma_ Rimba Nusantara '' Pemenang Sayembara Desain Ibu Kota Negara Oleh Ghesti Saraswati Alumni Fisip UI -- -UTAS -- Ib\xe2\x80\xa6"""
Mon Dec 23 09:01:19 +0000 2019,TigerSharküèÑ‚Äç‚ôÇÔ∏è,BuuloloArianto,,0.0,0.0,1.0,0.0,b'RT RiskhaAmalia_ Wiih Ibu Kota Baru keren banget ... \xf0\x9f\x98\x8d\xf0\x9f\x98\x8d\xf0\x9f\x98\x8d IbuKotaBaru RebahanAdalahLiburanku cc BiLLRaY2019 bangzul_88 BuuloloAriant\xe2\x80\xa6'
Mon Dec 23 09:01:04 +0000 2019,DetikFinance,detikfinance,"Jakarta, Indonesia",0.0,0.0,1.0,0.0,b'Mantul Desain Nagara Rimba Nusantara memenangkan sayembara kota negara IKN Kalimantan Timur Begini\xe2\x80\xa6 https //t.co/vZesPORWDy'
Mon Dec 23 08:57:57 +0000 2019,Lisma Septiani,SeptianiLisma_,,0.0,0.0,1.0,0.0,b'RT JanEthes_GL SeptianiLisma_ Otw pindah rumah IbuKotaBaru https //t.co/3j5CcqipCL'
Mon Dec 23 08:57:12 +0000 2019,Jan Ethes Garis Lucu,JanEthes_GL,,0.0,0.0,1.0,0.0,b'RT RiskhaAmalia_ Wiih Ibu Kota Baru keren banget ... \xf0\x9f\x98\x8d\xf0\x9f\x98\x8d\xf0\x9f\x98\x8d IbuKotaBaru RebahanAdalahLiburanku cc BiLLRaY2019 bangzul_88 BuuloloAriant\xe2\x80\xa6'
Mon Dec 23 08:56:46 +0000 2019,Jan Ethes Garis Lucu,JanEthes_GL,,0.0,0.0,1.0,0.0,b'Otw pindah rumah IbuKotaBaru https //t.co/jlew7QhWg8 https //t.co/OUEaDyhLGo'
Mon Dec 23 08:55:38 +0000 2019,Jan Ethes Garis Lucu,JanEthes_GL,,0.0,0.0,1.0,0.0,b'SeptianiLisma_ Otw pindah rumah IbuKotaBaru https //t.co/3j5CcqipCL'
Mon Dec 23 08:54:52 +0000 2019,Jan Ethes Garis Lucu,JanEthes_GL,,0.0,0.0,1.0,0.0,"b""RT SeptianiLisma_ Rimba Nusantara '' Pemenang Sayembara Desain Ibu Kota Negara Oleh Ghesti Saraswati Alumni Fisip UI -- -UTAS -- Ib\xe2\x80\xa6"""
Mon Dec 23 08:51:06 +0000 2019,TribunKaltim.co,tribunkaltim,Balikpapan. Indonesia,0.0,0.0,1.0,0.0,b'Nagara Rimba Nusa Jadi Juara I Sayembara Desain Ibu Kota Baru Berikut Daftar Pemenang Desain NagaraRimbaNusa\xe2\x80\xa6 https //t.co/4rkxYNy2D9'
Mon Dec 23 08:50:33 +0000 2019,Lisma Septiani,SeptianiLisma_,,0.0,0.0,1.0,0.0,b'RT BudiSarap Semoga Ibu Kota Baru Segera terwujud ... IbuKotaBaru https //t.co/2VeaolLG2W'
Mon Dec 23 08:50:04 +0000 2019,Budi S,BudiSarap,Indonesia,0.0,0.0,1.0,0.0,b'Semoga Ibu Kota Baru Segera terwujud ... IbuKotaBaru https //t.co/2VeaolLG2W'
Mon Dec 23 08:49:11 +0000 2019,Budi S,BudiSarap,Indonesia,0.0,0.0,1.0,0.0,"b""RT SeptianiLisma_ Rimba Nusantara '' Pemenang Sayembara Desain Ibu Kota Negara Oleh Ghesti Saraswati Alumni Fisip UI -- -UTAS -- Ib\xe2\x80\xa6"""
Mon Dec 23 08:48:22 +0000 2019,asma,Safiraamand4,"Cengkareng, Indonesia",0.0,0.0,1.0,0.0,"b""RT SeptianiLisma_ Rimba Nusantara '' Pemenang Sayembara Desain Ibu Kota Negara Oleh Ghesti Saraswati Alumni Fisip UI -- -UTAS -- Ib\xe2\x80\xa6"""
Mon Dec 23 08:48:20 +0000 2019,#CaturItuHaram,redywanjames,Indonesia,0.0,0.0,1.0,0.0,b'RT detikcom Mantul Desain Nagara Rimba Nusantara memenangkan sayembara kota negara IKN Kaltim Pemilik desain meng\xe2\x80\xa6'
Mon Dec 23 08:47:12 +0000 2019,Handoko,handoko__iji,Indonesia,0.0,0.0,1.0,0.0,"b""RT SeptianiLisma_ Rimba Nusantara '' Pemenang Sayembara Desain Ibu Kota Negara Oleh Ghesti Saraswati Alumni Fisip UI -- -UTAS -- Ib\xe2\x80\xa6"""
Mon Dec 23 08:45:28 +0000 2019,Hadhi aadjaa,hadhmeant,Nusantara-Milanello,0.0,0.0,1.0,0.0,b'RT detikcom Mantul Desain Nagara Rimba Nusantara memenangkan sayembara kota negara IKN Kaltim Pemilik desain meng\xe2\x80\xa6'
Mon Dec 23 08:38:48 +0000 2019,Lisma Septiani,SeptianiLisma_,,0.0,0.0,1.0,0.0,b'RT RiskhaAmalia_ Wiih Ibu Kota Baru keren banget ... \xf0\x9f\x98\x8d\xf0\x9f\x98\x8d\xf0\x9f\x98\x8d IbuKotaBaru RebahanAdalahLiburanku cc BiLLRaY2019 bangzul_88 BuuloloAriant\xe2\x80\xa6'
Mon Dec 23 08:38:31 +0000 2019,Riskha Amalia,RiskhaAmalia_,"Menteng, Indonesia",0.0,0.0,1.0,0.0,b'Wiih Ibu Kota Baru keren banget ... \xf0\x9f\x98\x8d\xf0\x9f\x98\x8d\xf0\x9f\x98\x8d IbuKotaBaru RebahanAdalahLiburanku cc BiLLRaY2019 bangzul_88\xe2\x80\xa6 https //t.co/NQ4iJkidpx'
Mon Dec 23 08:38:30 +0000 2019,Wage Syahputra,wagesyahputra,,0.0,0.0,1.0,0.0,b'RT detikcom Mantul Desain Nagara Rimba Nusantara memenangkan sayembara kota negara IKN Kalimantan Timur Begini konsepnya \xe2\x80\xa6'
Mon Dec 23 08:36:32 +0000 2019,Riskha Amalia,RiskhaAmalia_,"Menteng, Indonesia",0.0,0.0,1.0,0.0,"b""RT SeptianiLisma_ Rimba Nusantara '' Pemenang Sayembara Desain Ibu Kota Negara Oleh Ghesti Saraswati Alumni Fisip UI -- -UTAS -- Ib\xe2\x80\xa6"""
Mon Dec 23 08:35:27 +0000 2019,#MenujuPilwali2020,reportaseSMR,samarinda,0.0,0.0,1.0,0.0,b'Waw Taukah Anda Inilah 7 Makanan Tertua Dunia Termasuk Roti Gosong Berusia 5.500 Tahun https //t.co/i6PQ4vXYN7\xe2\x80\xa6 https //t.co/nvL9DV5CRh'
Mon Dec 23 08:35:27 +0000 2019,#MenujuPilwali2020,reportaseSMR,samarinda,0.0,0.0,1.0,0.0,b'Waw Sepanjang 2019 8 ASN Pemkot Balikpapan Terlibat Penyalahgunaan Narkoba Ini Penjelasan BNN\xe2\x80\xa6 https //t.co/q7Knciaa3j'
Mon Dec 23 08:35:26 +0000 2019,#MenujuPilwali2020,reportaseSMR,samarinda,0.0,0.0,1.0,0.0,b'Waw Depak Kevin van Kippersluis Umuh Muchtar Bocorkan Ezechiel Cabut Persib Vizcarra Tanda Tanya\xe2\x80\xa6 https //t.co/Z7v9QFF9Eh'
Mon Dec 23 08:33:38 +0000 2019,amel,melntamel,"Jakarta, Indonesia",0.0,0.0,1.0,0.0,b'RT detikcom Mantul Desain Nagara Rimba Nusantara memenangkan sayembara kota negara IKN Kaltim Pemilik desain meng\xe2\x80\xa6'
Mon Dec 23 08:33:06 +0000 2019,Hater Garis Luwes üî¥‚ö™,djasMpu,"Makassar, Indonesia",0.0,0.0,1.0,0.0,b'RT SeptianiLisma_ Membuka sayembara desain IKN warga ikuti Itulah inti demokrasi masyarakat mengurusi terlibat\xe2\x80\xa6'
Mon Dec 23 08:32:09 +0000 2019,Hater Garis Luwes üî¥‚ö™,djasMpu,"Makassar, Indonesia",0.0,0.0,1.0,0.0,"b""RT SeptianiLisma_ Rimba Nusantara '' Pemenang Sayembara Desain Ibu Kota Negara Oleh Ghesti Saraswati Alumni Fisip UI -- -UTAS -- Ib\xe2\x80\xa6"""
Mon Dec 23 08:29:50 +0000 2019,Anjar Puji,Anjar_Pa,"Trenggalek, Indonesia",0.0,0.0,1.0,0.0,b'RT detikcom Mantul Desain Nagara Rimba Nusantara memenangkan sayembara kota negara IKN Kaltim Pemilik desain meng\xe2\x80\xa6'
Mon Dec 23 08:28:41 +0000 2019,Abdulla Emir Pramudya #HOKI :),AEPishere,Jakarta,0.0,0.0,1.0,0.0,b'RT detikcom Mantul Desain Nagara Rimba Nusantara memenangkan sayembara kota negara IKN Kalimantan Timur Begini konsepnya \xe2\x80\xa6'
Mon Dec 23 08:28:10 +0000 2019,AraÃÅs Kembang,Nurrohman95_,Love Island,0.0,0.0,1.0,0.0,b'RT detikcom Mantul Desain Nagara Rimba Nusantara memenangkan sayembara kota negara IKN Kalimantan Timur Begini konsepnya \xe2\x80\xa6'
Mon Dec 23 08:27:02 +0000 2019,Lisma Septiani,SeptianiLisma_,,0.0,0.0,1.0,0.0,b'Membuka sayembara desain IKN warga ikuti Itulah inti demokrasi masyarakat mengurusi terl\xe2\x80\xa6 https //t.co/Tw4Kyp9X99'
Mon Dec 23 08:27:02 +0000 2019,Lisma Septiani,SeptianiLisma_,,0.0,0.0,1.0,0.0,b'Ketika menilai pemindahan IKN melibatkan rakyat faktanya \xe2\x80\xa6 https //t.co/zib8pjxBEP'
Mon Dec 23 08:27:02 +0000 2019,Lisma Septiani,SeptianiLisma_,,0.0,0.0,1.0,0.0,"b""Beberapa unsur ide desain peringkat 2 3 dikolaborasikan `` Rimba Nusantara '' pe\xe2\x80\xa6 https //t.co/Y0l0MyIqr0"""
Mon Dec 23 08:27:01 +0000 2019,Lisma Septiani,SeptianiLisma_,,0.0,0.0,1.0,0.0,"b'Selain hadiah Rp 2 miliar juara 1,2,3 diajak meninjau langsung lokasi IKN Kalimantan Timu\xe2\x80\xa6 https //t.co/is4d8Nxakz'"
Mon Dec 23 08:27:01 +0000 2019,Lisma Septiani,SeptianiLisma_,,0.4404,0.182,0.818,0.0,"b""Dari aspek `` Rimba Nusantara '' desain dinilai terbaik desain Hak cipta\xe2\x80\xa6 https //t.co/wR6oru8RgS"""
Mon Dec 23 08:27:00 +0000 2019,Lisma Septiani,SeptianiLisma_,,0.0,0.0,1.0,0.0,b'Pemilihan pemenang didasarkan aspek 1. kota terbebas 2. kota memiliki\xe2\x80\xa6 https //t.co/C2VodraJTI'
Mon Dec 23 08:27:00 +0000 2019,Lisma Septiani,SeptianiLisma_,,0.0,0.0,1.0,0.0,b'Salah dewan juri ridwankamil salah arsitek handal menjabat Gubernur Jawa Barat menye\xe2\x80\xa6 https //t.co/PxdXIMo9Kh'
Mon Dec 23 08:27:00 +0000 2019,Lisma Septiani,SeptianiLisma_,,0.0,0.0,1.0,0.0,"b""Hal dipilihnya desain `` Rimba Nusantara '' menandai pekerjaan bangsa me\xe2\x80\xa6 https //t.co/OZTrPfhzwH"""
Mon Dec 23 08:26:59 +0000 2019,Lisma Septiani,SeptianiLisma_,,0.0,0.0,1.0,0.0,"b""Menteri KemenPU Basuki Hadimulyono salah `` komandan '' proses pemindahan Ibu Kota kementeriannya\xe2\x80\xa6 https //t.co/REPdGLRnoV"""
Mon Dec 23 08:26:59 +0000 2019,Lisma Septiani,SeptianiLisma_,,0.0,0.0,1.0,0.0,b'masyarakat kesempatan usul berwujud IKN Seb\xe2\x80\xa6 https //t.co/V1T4ewhfaq'
Mon Dec 23 08:26:59 +0000 2019,Lisma Septiani,SeptianiLisma_,,0.0,0.0,1.0,0.0,b'Bukan sekedar keren indahnya desain sang pemenang kagumi proses\xe2\x80\xa6 https //t.co/7XAxBzv9Xv'
Mon Dec 23 08:26:58 +0000 2019,Lisma Septiani,SeptianiLisma_,,0.0,0.0,1.0,0.0,b'Pemenang sayembara desain Ibu Kota Negara Republik Indonesia Kalimantan Timur resmi ditetapkan Se\xe2\x80\xa6 https //t.co/htdrgnWxbd'
Mon Dec 23 08:26:58 +0000 2019,Lisma Septiani,SeptianiLisma_,,0.0,0.0,1.0,0.0,"b""Rimba Nusantara '' Pemenang Sayembara Desain Ibu Kota Negara Oleh Ghesti Saraswati Alumni Fisip UI -- -UTAS -- -\xe2\x80\xa6 https //t.co/wWR3dcM912"""
Mon Dec 23 08:25:56 +0000 2019,R.Kurniawan48,KurniawanRicho,"Sragen, Jawa Tengah",0.0,0.0,1.0,0.0,b'RT detikcom Mantul Desain Nagara Rimba Nusantara memenangkan sayembara kota negara IKN Kalimantan Timur Begini konsepnya \xe2\x80\xa6'
Mon Dec 23 08:25:02 +0000 2019,fathul minan,fathulminan,jepara,0.0,0.0,1.0,0.0,b'RT detikcom Mantul Desain Nagara Rimba Nusantara memenangkan sayembara kota negara IKN Kaltim Pemilik desain meng\xe2\x80\xa6'
Mon Dec 23 08:23:42 +0000 2019,detikcom,detikcom,"Jakarta, Indonesia",0.0,0.0,1.0,0.0,b'Mantul Desain Nagara Rimba Nusantara memenangkan sayembara kota negara IKN Kalimantan Timur Begini\xe2\x80\xa6 https //t.co/VFzMZldV9j'
Mon Dec 23 08:18:53 +0000 2019,Frarev,FrarevSitorus,,0.0,0.0,1.0,0.0,b'RT detikcom Mantul Desain Nagara Rimba Nusantara memenangkan sayembara kota negara IKN Kaltim Pemilik desain meng\xe2\x80\xa6'
Mon Dec 23 08:08:23 +0000 2019,warjono (om jon),warjono5,"Tangerang ,Kelapa dua ",0.0,0.0,1.0,0.0,b'Terpilih Pemenang Pertama Sayembara Gagasan Desain Kawasan Ibu Kota Negara desain judul \xe2\x80\x98 Nagara Rim\xe2\x80\xa6 https //t.co/QOkleDqSR1'
Mon Dec 23 08:05:34 +0000 2019,#MenujuPilwali2020,reportaseSMR,samarinda,0.0,0.0,1.0,0.0,b'Waw PDAM Penajam Paser Utara Resmikan Pojok Literasi Kantor Antre bayar Tagihan Tak Lagi Membosankan\xe2\x80\xa6 https //t.co/D2bBCS7zdQ'
Mon Dec 23 08:05:33 +0000 2019,#MenujuPilwali2020,reportaseSMR,samarinda,0.0,0.0,1.0,0.0,b'Waw Tingkat Kemiskinan Terendah Kalimantan Timur Pekerjaan Rumah Pemkot Balikpapan Berat\xe2\x80\xa6 https //t.co/O8sBtMXxik'
Mon Dec 23 08:05:33 +0000 2019,#MenujuPilwali2020,reportaseSMR,samarinda,0.0,0.0,1.0,0.0,b'Waw Berikut Hal-hal Tidak Boleh Dilakukan Dubai Termasuk Berfoto Disembarang Tempat\xe2\x80\xa6 https //t.co/rUneSjxHMS'
Mon Dec 23 08:05:32 +0000 2019,#MenujuPilwali2020,reportaseSMR,samarinda,0.0,0.0,1.0,0.0,b'Waw Hadiri Peresmian Gedung Juanda UMKT Sigit Apresiasi Peran Muhammadiyah Cerdaskan Bangsa\xe2\x80\xa6 https //t.co/klPKu9YKkO'
Mon Dec 23 08:05:32 +0000 2019,#MenujuPilwali2020,reportaseSMR,samarinda,0.0,0.0,1.0,0.0,b'Waw Prestasi Shin Tae-yong Pelatih Timnas Indonesia Latih Son Heung-min Piala Dunia Juara Champions\xe2\x80\xa6 https //t.co/ycsVMhwLdQ'
Mon Dec 23 08:05:32 +0000 2019,#MenujuPilwali2020,reportaseSMR,samarinda,0.0,0.0,1.0,0.0,b'Waw Women Pro Futsal League 2020 Syaibani Pekan Kedua Lawan Persiba Female FC Diremehkan\xe2\x80\xa6 https //t.co/oP5Of9XJlg'
Mon Dec 23 08:03:44 +0000 2019,a d i w i n a t a,Ad1winat4,.,0.0,0.0,1.0,0.0,b'RT detikcom Mantul Desain Nagara Rimba Nusantara memenangkan sayembara kota negara IKN Kaltim Pemilik desain meng\xe2\x80\xa6'
Mon Dec 23 08:00:36 +0000 2019,Purwoko Haryadi S,PurwokoHaryadiS,"Majene, Sulawesi Barat",0.0,0.0,1.0,0.0,b'RT detikcom Mantul Desain Nagara Rimba Nusantara memenangkan sayembara kota negara IKN Kaltim Pemilik desain meng\xe2\x80\xa6'
Mon Dec 23 07:53:59 +0000 2019,Nur Muhammad,Nur_Muhammad4s,Jakarta - Bekasi,0.0,0.0,1.0,0.0,b'RT detikcom Mantul Desain Nagara Rimba Nusantara memenangkan sayembara kota negara IKN Kaltim Pemilik desain meng\xe2\x80\xa6'
Mon Dec 23 07:50:36 +0000 2019,Roliyanti bahar,roliraka,Bangka belitung,0.0,0.0,1.0,0.0,b'RT detikcom Mantul Desain Nagara Rimba Nusantara memenangkan sayembara kota negara IKN Kaltim Pemilik desain meng\xe2\x80\xa6'
Mon Dec 23 07:45:01 +0000 2019,Pratiti Westi,PratitiWesti,Surockboyo,0.0,0.0,1.0,0.0,b'RT detikcom Mantul Desain Nagara Rimba Nusantara memenangkan sayembara kota negara IKN Kaltim Pemilik desain meng\xe2\x80\xa6'
Mon Dec 23 07:44:21 +0000 2019,Rofiekur Rochman,rofiekfold,,0.0,0.0,1.0,0.0,b'RT detikcom Mantul Desain Nagara Rimba Nusantara memenangkan sayembara kota negara IKN Kaltim Pemilik desain meng\xe2\x80\xa6'
Mon Dec 23 07:37:43 +0000 2019,manusia biasa,farhanhidayat9,Jakarta ,0.0,0.0,1.0,0.0,b'RT detikcom Mantul Desain Nagara Rimba Nusantara memenangkan sayembara kota negara IKN Kaltim Pemilik desain meng\xe2\x80\xa6'
Mon Dec 23 07:35:51 +0000 2019,Wong@ngon,AmarSaifudin,Lamongan,0.0,0.0,1.0,0.0,b'RT detikcom Mantul Desain Nagara Rimba Nusantara memenangkan sayembara kota negara IKN Kaltim Pemilik desain meng\xe2\x80\xa6'
Mon Dec 23 07:27:19 +0000 2019,bukanbuzzer,generasiakhir,,0.0,0.0,1.0,0.0,b'kereen pilihan design ibukota barunya jokowi hutan2 nyaa dipertahankan IbuKotaBaru IndonesiaMaju https //t.co/qpsuXrKFUY'
Mon Dec 23 07:23:22 +0000 2019,Ayuniikas,ayuniikas,"East Java, Indonesia",0.0,0.0,1.0,0.0,b'RT detikcom Hari pemenangnya diumumkan Totalnya 755 peserta mengikuti kompetisi sayembara desain kota Ini nih\xe2\x80\xa6'
Mon Dec 23 07:21:09 +0000 2019,olla,RamlanJS,,0.0,0.0,1.0,0.0,b'RT detikcom Mantul Desain Nagara Rimba Nusantara memenangkan sayembara kota negara IKN Kaltim Pemilik desain meng\xe2\x80\xa6'
Mon Dec 23 07:14:34 +0000 2019,Kemal Lanang asakarP,Tetaparab,"Bogor, Jawa Barat",0.0,0.0,1.0,0.0,b'RT detikcom Mantul Desain Nagara Rimba Nusantara memenangkan sayembara kota negara IKN Kaltim Pemilik desain meng\xe2\x80\xa6'
Mon Dec 23 07:08:33 +0000 2019,Kurniawan Adhi,menjadikata,"Comal, Indonesia",0.0,0.0,1.0,0.0,b'RT detikcom Pengumuman Pemerintah berencana membuka sayembara desain gedung-gedung pemerintahan kota negara IKN Ka\xe2\x80\xa6'
Mon Dec 23 07:06:42 +0000 2019,Saintlukas231,saintlukas231,,0.0,0.0,1.0,0.0,b'RT detikcom Mantul Desain Nagara Rimba Nusantara memenangkan sayembara kota negara IKN Kaltim Pemilik desain meng\xe2\x80\xa6'
Mon Dec 23 07:04:49 +0000 2019,Fauzan Huda,fhudaa_,+62,0.0,0.0,1.0,0.0,b'RT detikcom Mantul Desain Nagara Rimba Nusantara memenangkan sayembara kota negara IKN Kaltim Pemilik desain meng\xe2\x80\xa6'
Mon Dec 23 07:03:56 +0000 2019,AnoeMine Freelance,anoe_freelance,| Jakarta | indonesia |,0.0,0.0,1.0,0.0,b'RT detikcom Pengumuman Pemerintah berencana membuka sayembara desain gedung-gedung pemerintahan kota negara IKN Ka\xe2\x80\xa6'
Mon Dec 23 07:03:33 +0000 2019,Amy Mauliddya,Amy_Eteek,sumatera utara,0.0,0.0,1.0,0.0,b'RT detikcom Pengumuman Pemerintah berencana membuka sayembara desain gedung-gedung pemerintahan kota negara IKN Ka\xe2\x80\xa6'
Mon Dec 23 07:02:33 +0000 2019,Amy Mauliddya,Amy_Eteek,sumatera utara,0.0,0.0,1.0,0.0,b'RT detikcom Mantul Desain Nagara Rimba Nusantara memenangkan sayembara kota negara IKN Kaltim Pemilik desain meng\xe2\x80\xa6'
Mon Dec 23 07:01:22 +0000 2019,ine,pristine400ml,ian's,0.0,0.0,1.0,0.0,b'RT detikcom Pengumuman Pemerintah berencana membuka sayembara desain gedung-gedung pemerintahan kota negara IKN Ka\xe2\x80\xa6'
Mon Dec 23 07:00:42 +0000 2019,"kiss me,motherfucker!!",ParmonanganRaja,"DKI Jakarta, Indonesia",0.0,0.0,1.0,0.0,b'RT detikcom Mantul Desain Nagara Rimba Nusantara memenangkan sayembara kota negara IKN Kaltim Pemilik desain meng\xe2\x80\xa6'
Mon Dec 23 06:58:50 +0000 2019,UmmyChasan#88,ummychasan,,0.0,0.0,1.0,0.0,b'RT detikcom Pengumuman Pemerintah berencana membuka sayembara desain gedung-gedung pemerintahan kota negara IKN Ka\xe2\x80\xa6'
Mon Dec 23 06:58:40 +0000 2019,Nu,WisnuAnugraah,Andromeda,0.0,0.0,1.0,0.0,b'RT detikcom Mantul Desain Nagara Rimba Nusantara memenangkan sayembara kota negara IKN Kaltim Pemilik desain meng\xe2\x80\xa6'
Mon Dec 23 06:58:20 +0000 2019,Anthony Christanmas,Anthony_Chr1234,"Jakarta, Indonesia",0.0,0.0,1.0,0.0,b'RT detikcom Mantul Desain Nagara Rimba Nusantara memenangkan sayembara kota negara IKN Kaltim Pemilik desain meng\xe2\x80\xa6'
Mon Dec 23 06:57:37 +0000 2019,No Messy No Creativity,LaiLaMessi,Arround my familyüë™,0.0,0.0,1.0,0.0,b'RT detikcom Mantul Desain Nagara Rimba Nusantara memenangkan sayembara kota negara IKN Kaltim Pemilik desain meng\xe2\x80\xa6'
Mon Dec 23 06:55:10 +0000 2019,Ne,kurokurone_,DKI Jakarta,0.0,0.0,1.0,0.0,b'RT detikcom Mantul Desain Nagara Rimba Nusantara memenangkan sayembara kota negara IKN Kaltim Pemilik desain meng\xe2\x80\xa6'
Mon Dec 23 06:54:08 +0000 2019,kosmos ‚çü,ffernandoid_,"Bekasi, Jawa Barat",0.0,0.0,1.0,0.0,b'RT detikcom Mantul Desain Nagara Rimba Nusantara memenangkan sayembara kota negara IKN Kaltim Pemilik desain meng\xe2\x80\xa6'
Mon Dec 23 06:54:07 +0000 2019,Denis Pandu Wirawan,XDPWX,"Jakarta Capital Region, Indone",0.0,0.0,1.0,0.0,b'RT detikcom Mantul Desain Nagara Rimba Nusantara memenangkan sayembara kota negara IKN Kaltim Pemilik desain meng\xe2\x80\xa6'
Mon Dec 23 06:53:44 +0000 2019,detikcom,detikcom,"Jakarta, Indonesia",0.0,0.0,1.0,0.0,b'Pengumuman Pemerintah berencana membuka sayembara desain gedung-gedung pemerintahan kota negara IKN yang\xe2\x80\xa6 https //t.co/sD6KYcIJnu'
Mon Dec 23 06:49:39 +0000 2019,DetikFinance,detikfinance,"Jakarta, Indonesia",0.0,0.0,1.0,0.0,b'Pengumuman Pemerintah berencana membuka sayembara desain gedung-gedung pemerintahan kota negara IKN yang\xe2\x80\xa6 https //t.co/St6ZxvZifa'
Mon Dec 23 06:43:20 +0000 2019,Sarjana S-1,7Faisal_AB,Aceh,0.0,0.0,1.0,0.0,b'RT detikcom Mantul Desain Nagara Rimba Nusantara memenangkan sayembara kota negara IKN Kaltim Pemilik desain meng\xe2\x80\xa6'
Mon Dec 23 06:43:14 +0000 2019,mitha widiardani,mendeee,"Malang, Jawa Timur",0.0,0.0,1.0,0.0,b'RT detikcom Menteri PUPR Basuki Hadimuljono menekankan kota negara IKN Kalimantan Timur konsep berbeda de\xe2\x80\xa6'
Mon Dec 23 06:43:12 +0000 2019,Garenggati,Perjaka_Tua,,0.0,0.0,1.0,0.0,b'RT detikcom Mantul Desain Nagara Rimba Nusantara memenangkan sayembara kota negara IKN Kaltim Pemilik desain meng\xe2\x80\xa6'
Mon Dec 23 06:41:34 +0000 2019,Ari√∂,yudhapiti,,0.0,0.0,1.0,0.0,b'RT detikcom Mantul Desain Nagara Rimba Nusantara memenangkan sayembara kota negara IKN Kaltim Pemilik desain meng\xe2\x80\xa6'
Mon Dec 23 06:40:06 +0000 2019,INDOZONE,indozonemedia,Indonesia,0.0,0.0,1.0,0.0,b'KAMUHARUSTAU Konsep Nagara Rimba Nusantara pemenang juara 1 sayembara desain Ibu Kota Ba\xe2\x80\xa6 https //t.co/hRtfx36E3K'
Mon Dec 23 06:37:32 +0000 2019,Sutan Hendy Alamsyah,Sutan89Hendy,Perumahan Dangau Indah,0.0,0.0,1.0,0.0,b'RT detikcom Mantul Desain Nagara Rimba Nusantara memenangkan sayembara kota negara IKN Kaltim Pemilik desain meng\xe2\x80\xa6'
Mon Dec 23 06:36:14 +0000 2019,Tiara Jamilaah,trdstr_,Earth,0.0,0.0,1.0,0.0,b'RT detikcom Mantul Desain Nagara Rimba Nusantara memenangkan sayembara kota negara IKN Kaltim Pemilik desain meng\xe2\x80\xa6'
Mon Dec 23 06:35:49 +0000 2019,DetikFinance,detikfinance,"Jakarta, Indonesia",0.0,0.0,1.0,0.0,b'Menteri PUPR Basuki Hadimuljono menekankan kota negara IKN Kalimantan Timur konsep yang\xe2\x80\xa6 https //t.co/rroSnSWYHt'
Mon Dec 23 06:35:12 +0000 2019,üèÜ13 üêâ,irahakbauw,"Jakarta, Indonesia.",0.0,0.0,1.0,0.0,b'RT detikcom Mantul Desain Nagara Rimba Nusantara memenangkan sayembara kota negara IKN Kaltim Pemilik desain meng\xe2\x80\xa6'
Mon Dec 23 06:35:05 +0000 2019,Inggit A,rainnbouw,Indonesia,0.0,0.0,1.0,0.0,b'RT detikcom Mantul Desain Nagara Rimba Nusantara memenangkan sayembara kota negara IKN Kaltim Pemilik desain meng\xe2\x80\xa6'
Mon Dec 23 06:33:19 +0000 2019,FRANXIZCO,Sizco100,HEAVEN in HELL,0.0,0.0,1.0,0.0,b'RT detikcom Mantul Desain Nagara Rimba Nusantara memenangkan sayembara kota negara IKN Kaltim Pemilik desain meng\xe2\x80\xa6'
Mon Dec 23 06:30:47 +0000 2019,Nanang Al Muhaemin,apanyet,Indonesia,0.0,0.0,1.0,0.0,b'RT detikcom Mantul Desain Nagara Rimba Nusantara memenangkan sayembara kota negara IKN Kaltim Pemilik desain meng\xe2\x80\xa6'
Mon Dec 23 06:29:50 +0000 2019,Humada Alfian Ardiansyah,Humada_Alfian,"Gresik, East Java",0.0,0.0,1.0,0.0,b'RT detikcom Mantul Desain Nagara Rimba Nusantara memenangkan sayembara kota negara IKN Kaltim Pemilik desain meng\xe2\x80\xa6'
Mon Dec 23 06:29:40 +0000 2019,Eko Budi Hartanto,Ekobh,,0.0,0.0,1.0,0.0,b'RT detikcom Mantul Desain Nagara Rimba Nusantara memenangkan sayembara kota negara IKN Kaltim Pemilik desain meng\xe2\x80\xa6'
Mon Dec 23 06:29:34 +0000 2019,Ditha Marsha F.,dithamarsha,sidoarjo-surabaya pp,0.0,0.0,1.0,0.0,b'RT detikcom Mantul Desain Nagara Rimba Nusantara memenangkan sayembara kota negara IKN Kaltim Pemilik desain meng\xe2\x80\xa6'
Mon Dec 23 06:28:50 +0000 2019,Aris Budiman,ArisBudiman9,"Denpasar, Bali..",0.0,0.0,1.0,0.0,b'RT detikcom Mantul Desain Nagara Rimba Nusantara memenangkan sayembara kota negara IKN Kaltim Pemilik desain meng\xe2\x80\xa6'
Mon Dec 23 06:28:06 +0000 2019,agungsurya,indgirl_hunter,"Perth, Western Australia",0.0,0.0,1.0,0.0,b'RT detikcom Menteri PUPR Basuki Hadimuljono menekankan kota negara IKN Kalimantan Timur konsep berbeda de\xe2\x80\xa6'
Mon Dec 23 06:26:29 +0000 2019,Dito,ditooooo7,,0.0,0.0,1.0,0.0,b'RT detikcom Mantul Desain Nagara Rimba Nusantara memenangkan sayembara kota negara IKN Kaltim Pemilik desain meng\xe2\x80\xa6'
Mon Dec 23 06:26:17 +0000 2019,Syarif S. Arman,syarifsarman2,"Jakarta Capital Region, Indone",0.0,0.0,1.0,0.0,b'RT detikcom Menteri PUPR Basuki Hadimuljono menekankan kota negara IKN Kalimantan Timur konsep berbeda de\xe2\x80\xa6'
Mon Dec 23 06:25:52 +0000 2019,Wibi,Astriowibisono,"Tangerang, Banten",0.0,0.0,1.0,0.0,b'RT detikcom Mantul Desain Nagara Rimba Nusantara memenangkan sayembara kota negara IKN Kaltim Pemilik desain meng\xe2\x80\xa6'
Mon Dec 23 06:25:45 +0000 2019,#BebasSemauKamu,irh_iam,Indonesia,0.0,0.0,1.0,0.0,b'RT detikcom Menteri PUPR Basuki Hadimuljono menekankan kota negara IKN Kalimantan Timur konsep berbeda de\xe2\x80\xa6'
Mon Dec 23 06:25:38 +0000 2019,Syarif S. Arman,syarifsarman2,"Jakarta Capital Region, Indone",0.0,0.0,1.0,0.0,b'RT detikcom Mantul Desain Nagara Rimba Nusantara memenangkan sayembara kota negara IKN Kaltim Pemilik desain meng\xe2\x80\xa6'
Mon Dec 23 06:24:05 +0000 2019,detikcom,detikcom,"Jakarta, Indonesia",0.0,0.0,1.0,0.0,b'Menteri PUPR Basuki Hadimuljono menekankan kota negara IKN Kalimantan Timur konsep yang\xe2\x80\xa6 https //t.co/1SrQKLSl9w'
Mon Dec 23 06:23:55 +0000 2019,Jabar News,jabarnewss,Bandung,0.0,0.0,1.0,0.0,b'Inilah Nama Pemenang Desain Ibu Kota Negara Baru Link\xe2\xac\x87\xef\xb8\x8f https //t.co/cGv3mNV7hp KemenPU jabarnews jabarupdate\xe2\x80\xa6 https //t.co/RpLXcsZGZd'
Mon Dec 23 06:22:35 +0000 2019,Jason_Ferdinand,ferdinand_jason,Indonesia,0.0,0.0,1.0,0.0,b'RT detikcom Mantul Desain Nagara Rimba Nusantara memenangkan sayembara kota negara IKN Kaltim Pemilik desain meng\xe2\x80\xa6'
Mon Dec 23 06:20:11 +0000 2019,Santoso,Santoso26166908,,0.0,0.0,1.0,0.0,b'RT detikcom Mantul Desain Nagara Rimba Nusantara memenangkan sayembara kota negara IKN Kaltim Pemilik desain meng\xe2\x80\xa6'
Mon Dec 23 06:19:34 +0000 2019,DetikFinance,detikfinance,"Jakarta, Indonesia",0.0,0.0,1.0,0.0,b'Mantul Desain Nagara Rimba Nusantara memenangkan sayembara kota negara IKN Kaltim Pemilik desain ter\xe2\x80\xa6 https //t.co/vQfSBvSAJH'
Mon Dec 23 06:18:00 +0000 2019,karyawan VOC,NAerash,,0.0,0.0,1.0,0.0,b'RT detikcom Mantul Desain Nagara Rimba Nusantara memenangkan sayembara kota negara IKN Kaltim Pemilik desain meng\xe2\x80\xa6'
Mon Dec 23 06:17:46 +0000 2019,ùó†. ùó®ùòÄùó∫ùóÆùóª ùòÄùó∂ùóøùóºùó∑ùòÇùó±ùó±ùó∂ùóª ‚ûê,Usmansiro,AKUN ini diKelola Oleh Pemerintah. Tweet dari usman Males ditandai*,0.0,0.0,1.0,0.0,b'RT detikcom Mantul Desain Nagara Rimba Nusantara memenangkan sayembara kota negara IKN Kaltim Pemilik desain meng\xe2\x80\xa6'
Mon Dec 23 06:17:44 +0000 2019,Fahmi Roseno P,FRPrayogo,D.K.I Jakarta,0.0,0.0,1.0,0.0,b'RT detikcom Mantul Desain Nagara Rimba Nusantara memenangkan sayembara kota negara IKN Kaltim Pemilik desain meng\xe2\x80\xa6'
Mon Dec 23 06:17:34 +0000 2019,LadyAgrabah üéÑ,dyasdarcy,Pale Blue Dot,0.0,0.0,1.0,0.0,b'RT detikcom Mantul Desain Nagara Rimba Nusantara memenangkan sayembara kota negara IKN Kaltim Pemilik desain meng\xe2\x80\xa6'
Mon Dec 23 06:17:33 +0000 2019,Summer,kathykassandra,"Bandung, Indonesia",0.0,0.0,1.0,0.0,b'RT detikcom Mantul Desain Nagara Rimba Nusantara memenangkan sayembara kota negara IKN Kaltim Pemilik desain meng\xe2\x80\xa6'
Mon Dec 23 06:17:02 +0000 2019,Waruna Dwipa Jaya,Wa_Gu_Wa,8911 LD Leeuwarden,0.0,0.0,1.0,0.0,b'RT detikcom Mantul Desain Nagara Rimba Nusantara memenangkan sayembara kota negara IKN Kaltim Pemilik desain meng\xe2\x80\xa6'
Mon Dec 23 06:17:00 +0000 2019,BOBA,linggawrd,bumi dipijak langit dijunjung,0.0,0.0,1.0,0.0,b'RT detikcom Mantul Desain Nagara Rimba Nusantara memenangkan sayembara kota negara IKN Kaltim Pemilik desain meng\xe2\x80\xa6'
Mon Dec 23 06:16:53 +0000 2019,Pak Eko,MasshookPakEko,"Kota Malang, Jawa Timur",0.0,0.0,1.0,0.0,b'RT detikcom Mantul Desain Nagara Rimba Nusantara memenangkan sayembara kota negara IKN Kaltim Pemilik desain meng\xe2\x80\xa6'
Mon Dec 23 06:15:35 +0000 2019,TribunKaltim.co,tribunkaltim,Balikpapan. Indonesia,0.0,0.0,1.0,0.0,b'Inilah Pemenang Sayembara Desain Ibu Kota Baru Tema Nagara Rimba Nusantara Jadi Juara I IKN ibukotabaru\xe2\x80\xa6 https //t.co/97OA13H3fe'
Mon Dec 23 06:15:15 +0000 2019,Samuel As,taperwertekewer,Indonesia,0.0,0.0,1.0,0.0,b'RT detikcom Mantul Desain Nagara Rimba Nusantara memenangkan sayembara kota negara IKN Kaltim Pemilik desain meng\xe2\x80\xa6'
Mon Dec 23 06:14:29 +0000 2019,detikcom,detikcom,"Jakarta, Indonesia",0.0,0.0,1.0,0.0,b'Mantul Desain Nagara Rimba Nusantara memenangkan sayembara kota negara IKN Kaltim Pemilik desain ter\xe2\x80\xa6 https //t.co/RvZJd9aUjt'
Mon Dec 23 05:01:19 +0000 2019,Ajeng Arum Mawarni,_ajengarum,"Yogyakarta, Indonesia",0.0,0.0,1.0,0.0,b'RT KompasData Keberadaan kawasan hutan lahan terluas se-Kalimantan curah hujan berperan sistem hidrologi Ka\xe2\x80\xa6'
Mon Dec 23 05:00:00 +0000 2019,Kompas Data,KompasData,"Palmerah, Jakarta",0.0,0.0,1.0,0.0,b'Keberadaan kawasan hutan lahan terluas se-Kalimantan curah hujan berperan sistem hidr\xe2\x80\xa6 https //t.co/SqK4TSlhJ3'
Mon Dec 23 04:59:54 +0000 2019,Amy Mauliddya,Amy_Eteek,sumatera utara,0.0,0.0,1.0,0.0,b'RT detikcom Hari pemenangnya diumumkan Totalnya 755 peserta mengikuti kompetisi sayembara desain kota Ini nih\xe2\x80\xa6'
Mon Dec 23 04:49:17 +0000 2019,Aldika,tahubulaaTT,"DKI Jakarta, Indonesia",0.0,0.0,1.0,0.0,b'RT detikcom Hari pemenangnya diumumkan Totalnya 755 peserta mengikuti kompetisi sayembara desain kota Ini nih\xe2\x80\xa6'
Mon Dec 23 04:40:17 +0000 2019,DetikFinance,detikfinance,"Jakarta, Indonesia",0.0,0.0,1.0,0.0,b'Hari pemenangnya diumumkan Totalnya 755 peserta mengikuti kompetisi sayembara desain kota I\xe2\x80\xa6 https //t.co/W3S0wR64go'
Mon Dec 23 04:39:23 +0000 2019,prasetyaperdana,prime_verdana,,0.0,0.0,1.0,0.0,b'RT detikcom Hari pemenangnya diumumkan Totalnya 755 peserta mengikuti kompetisi sayembara desain kota Ini nih\xe2\x80\xa6'
Mon Dec 23 04:37:29 +0000 2019,rr,manusiakuaat,INDONESIA,0.0,0.0,1.0,0.0,b'RT detikcom Hari pemenangnya diumumkan Totalnya 755 peserta mengikuti kompetisi sayembara desain kota Ini nih\xe2\x80\xa6'
Mon Dec 23 04:37:18 +0000 2019,adilla desy,dilladr,Ngayogyakarto Hadiningrat. ,0.0,0.0,1.0,0.0,b'RT detikcom Hari pemenangnya diumumkan Totalnya 755 peserta mengikuti kompetisi sayembara desain kota Ini nih\xe2\x80\xa6'
Mon Dec 23 04:35:59 +0000 2019,Edy Sudrajat _Aktivis Desa,EdyBerdesa,"Bandar Lampung, Lampung",0.0,0.0,1.0,0.0,b'RT detikcom Hari pemenangnya diumumkan Totalnya 755 peserta mengikuti kompetisi sayembara desain kota Ini nih\xe2\x80\xa6'
Mon Dec 23 04:35:54 +0000 2019,Abdulla Emir Pramudya #HOKI :),AEPishere,Jakarta,0.0,0.0,1.0,0.0,b'RT detikcom Hari pemenangnya diumumkan Totalnya 755 peserta mengikuti kompetisi sayembara desain kota Ini nih\xe2\x80\xa6'
Mon Dec 23 04:35:35 +0000 2019,detikcom,detikcom,"Jakarta, Indonesia",0.0,0.0,1.0,0.0,b'Hari pemenangnya diumumkan Totalnya 755 peserta mengikuti kompetisi sayembara desain kota I\xe2\x80\xa6 https //t.co/g5cxUpLYek'
Mon Dec 23 02:47:58 +0000 2019,Rakyat Merdeka,RedaksiMerdeka,"Graha Pena, Kebayoran Lama 12",0.0,0.0,1.0,0.0,b'Terapkan Konsep Forest City KLHK:40 Lahan Ibu Kota Negara Jadi Area Hijau KementerianLHK ForestCity\xe2\x80\xa6 https //t.co/ka10bkzfSc'
Mon Dec 23 02:00:54 +0000 2019,Kopi,kopikirpikir,,0.0,0.0,1.0,0.0,b'RT Angel20Jane Calon Ibukota Negara Republik Indonesian tempatnya Pasir Penajam Presiden Mentri berjalan kaki menu\xe2\x80\xa6'
Mon Dec 23 01:27:01 +0000 2019,aan wijaya,anto12274306,,0.0,0.0,1.0,0.0,b'Jokowi Tinjau IbuKota Baru Indonesia Jokowi Tinjau Ibukotabaru Kalimantan Indonesiamaju https //t.co/UStE0ScE06'
Sun Dec 22 18:03:01 +0000 2019,Kaltim,wisata__kaltim,"East Borneo, Indonesia",0.0,0.0,1.0,0.0,b'Tampilan Depan wajah Bandara aptpranotointernasional Samarinda Kalimantan Timur Yuek Berwisata Kaltim \xe2\x80\xa2\xe2\x80\xa6 https //t.co/ZholJeuKqg'
Sun Dec 22 13:42:13 +0000 2019,N Alexendry Tang,NannyAlexendry,,0.0,0.0,1.0,0.0,b'RT Luana0119411577 Presiden jokowi Saksikan Presentasi Finalis Sayembara Design Ibukota Negara Kantor Presiden Jakarta 20 Desember 2\xe2\x80\xa6'
Sun Dec 22 11:58:33 +0000 2019,JOKOWI FansClub,Jokowi_FClub,"Menteng, Indonesia",0.0,0.0,1.0,0.0,b'Gaspol Blusukan Penajam Paser Utara-Kaltim Presiden Jokowi Saya Mau Tentukan Titik Lokasi Pusat Ibu Kota Baru\xe2\x80\xa6 https //t.co/LxDhVaKX5A'
Sun Dec 22 11:57:12 +0000 2019,JOKOWI FansClub,Jokowi_FClub,"Menteng, Indonesia",0.0,0.0,1.0,0.0,b'Gaspol Blusukan Penajam Paser Utara-Kaltim Presiden Jokowi Saya Mau Tentukan Titik Lokasi Pusat Ibu Kota Baru\xe2\x80\xa6 https //t.co/ceRC4l5zCQ'
Sun Dec 22 09:05:21 +0000 2019,#MenujuPilwali2020,reportaseSMR,samarinda,0.0,0.0,1.0,0.0,b'Waw Hadapi 2 Agenda Besar Akhir Tahun 2019 Begini Pesan Dandim 0908 Bontang https //t.co/j9SJ0rVy4C Samarinda\xe2\x80\xa6 https //t.co/GzCaVk7xOG'
Sun Dec 22 09:05:20 +0000 2019,#MenujuPilwali2020,reportaseSMR,samarinda,0.0,0.0,1.0,0.0,b'Waw Jual Franck Kessie AC Milan Incar Pemain Muda Rekor Mentereng Ini Gelandang Celta Vigo\xe2\x80\xa6 https //t.co/EpM1S4daTz'
Sun Dec 22 09:05:20 +0000 2019,#MenujuPilwali2020,reportaseSMR,samarinda,0.0,0.0,1.0,0.0,b'Waw BERLANGSUNG Live Streaming TV Online Persib Bandung vs PSM Makassar Laga Perpisahan Kalezic\xe2\x80\xa6 https //t.co/TEdOuSgMnV'
Sun Dec 22 09:05:19 +0000 2019,#MenujuPilwali2020,reportaseSMR,samarinda,0.0,0.0,1.0,0.0,b'Waw Kepala DLH Balikpapan Suryanto Jengkel Petugas Sapu Jalanan Jadi Korban Tabrak Lari https //t.co/2E6EPyJxjd\xe2\x80\xa6 https //t.co/e4ttbIzP7L'
Sun Dec 22 09:05:18 +0000 2019,#MenujuPilwali2020,reportaseSMR,samarinda,-0.3182,0.0,0.859,0.141,b'Waw Perangi Narkoba Kutai Timur Puluhan Pelajar Jadi Relawan Anti Narkoba Lingkungan Pendidikan\xe2\x80\xa6 https //t.co/HbnUStfBgW'
Sun Dec 22 08:35:37 +0000 2019,#MenujuPilwali2020,reportaseSMR,samarinda,0.0,0.0,1.0,0.0,b'Waw Live Streaming TV Online Susunan Pemain Persib Bandung vs PSM Makassar Bobotoh Lepas Hariono\xe2\x80\xa6 https //t.co/CkEOI3i5Ei'
Sun Dec 22 08:35:37 +0000 2019,#MenujuPilwali2020,reportaseSMR,samarinda,0.0,0.0,1.0,0.0,b'Waw Pelatih Persiba Female FC Achmad Syaibani Targetkan Raih Poin Penuh Setiap Laga https //t.co/uSsXBwuT36\xe2\x80\xa6 https //t.co/UhfqaY4dIS'
Sun Dec 22 08:35:36 +0000 2019,#MenujuPilwali2020,reportaseSMR,samarinda,0.0,0.0,1.0,0.0,b'Waw Tinggalkan Rumah Natal Tahun Baru Kapolres Kutim Minta Warga Matikan Kompor Listrik\xe2\x80\xa6 https //t.co/NrINeAI4Uz'
Sun Dec 22 08:05:38 +0000 2019,#MenujuPilwali2020,reportaseSMR,samarinda,0.0,0.0,1.0,0.0,b'Waw TNI Angkatan Milenium Gelar Reuni Sudah 19 Tahun Mengabdi Untuk NKRI https //t.co/y9KUU0glVa Samarinda\xe2\x80\xa6 https //t.co/X7Sjbj6EZ3'
Sun Dec 22 08:05:38 +0000 2019,#MenujuPilwali2020,reportaseSMR,samarinda,0.4215,0.149,0.851,0.0,b'Waw Link Live Streaming TV Online Hari Ini Persib Bandung Manchester United Juventus vs Lazio\xe2\x80\xa6 https //t.co/Km9lVyOUYv'
Sun Dec 22 08:05:37 +0000 2019,#MenujuPilwali2020,reportaseSMR,samarinda,0.0,0.0,1.0,0.0,b'Waw Pemaparan Visi Misi Bakal Calon Bupati Darlis Pattalongi APBD Kukar Besar Masih Ada Mangkrak\xe2\x80\xa6 https //t.co/5FuRwYDXwX'
Sun Dec 22 08:05:36 +0000 2019,#MenujuPilwali2020,reportaseSMR,samarinda,0.0,0.0,1.0,0.0,b'Waw Jelang Natal Tahun Baru 2020 Kapolres Bontang Minta Warga Agen Kepolisian Ini Tujuannya\xe2\x80\xa6 https //t.co/q02BBsFj9S'
Sun Dec 22 08:05:36 +0000 2019,#MenujuPilwali2020,reportaseSMR,samarinda,0.0516,0.079,0.921,0.0,b'Waw Perayaan Ulang Tahun Kelurahan Bukit Biru Kukar Pemeriksaan Kesehatan Gratis https //t.co/rGbHx5jZ0j\xe2\x80\xa6 https //t.co/9tbQd75VKc'
Sun Dec 22 08:05:36 +0000 2019,#MenujuPilwali2020,reportaseSMR,samarinda,-0.296,0.0,0.885,0.115,b'Waw WhatsApp Stop Sejumlah Ponsel 2020 Coba Cara Cek Ponsel Anda Apakah Masih Bisa Pakai WA\xe2\x80\xa6 https //t.co/yaxNFamWU9'
Sun Dec 22 08:05:35 +0000 2019,#MenujuPilwali2020,reportaseSMR,samarinda,0.0,0.0,1.0,0.0,b'Waw Demi Bongkar Skandal Garuda Menteri BUMN Erick Thohir Kirim Pesan WA Hotman Paris Isinya\xe2\x80\xa6 https //t.co/wCNYiSXkf2'
Sun Dec 22 08:05:35 +0000 2019,#MenujuPilwali2020,reportaseSMR,samarinda,0.0,0.0,1.0,0.0,b'Waw Jelang Pelarungan Padaw Tuju Dulung Warga Tarakan Sudah Berdatangan Pantai Amal Lama Sejak Pagi\xe2\x80\xa6 https //t.co/jtPy41Gfct'
Sun Dec 22 08:05:35 +0000 2019,#MenujuPilwali2020,reportaseSMR,samarinda,0.0,0.0,1.0,0.0,b'Waw Antisipasi Kapal Kandas KSOP Tarakan Siapkan Armada Pendukung Tambah Personel Ini Penjelasannya\xe2\x80\xa6 https //t.co/18y6ykzpPr'
Sun Dec 22 08:05:34 +0000 2019,#MenujuPilwali2020,reportaseSMR,samarinda,-0.5106,0.0,0.798,0.202,b'Waw Antisipasi Konvoi Balapan Liar Natal Tahun Baru Polres PPU Tingkatkan Patroli\xe2\x80\xa6 https //t.co/YLi9EA8KOh'
Sun Dec 22 08:05:34 +0000 2019,#MenujuPilwali2020,reportaseSMR,samarinda,0.0,0.0,1.0,0.0,"b""Waw Gara-gara Ide Presiden 3 Periode Rocky Gerung Ucap Jokowi Pernah 'Tampar Bamsoet Dampaknya Serius\xe2\x80\xa6 https //t.co/XRTucGQTot"""
Sun Dec 22 08:05:34 +0000 2019,#MenujuPilwali2020,reportaseSMR,samarinda,0.0,0.0,1.0,0.0,b'Waw Lewat Jalan Santai Bawaslu Kalimantan Utara Ajak Warga Ikut Awasi Pilkada Serentak 2020 https //t.co/2PR44e0rAE\xe2\x80\xa6 https //t.co/yl4aDjIXeA'
Sun Dec 22 08:05:33 +0000 2019,#MenujuPilwali2020,reportaseSMR,samarinda,0.0,0.0,1.0,0.0,b'Waw Tepat Hari Ibu Minggu 22 Desember 2019 Kriss Hatta Bebas Ibunda Bawakan Pizza Spanduk Ini\xe2\x80\xa6 https //t.co/sPtHECQfOk'
Sun Dec 22 08:05:33 +0000 2019,#MenujuPilwali2020,reportaseSMR,samarinda,0.0,0.0,1.0,0.0,b'Waw PDBI Kaltim Gelar Pelatihan Sistem IT Bagi Juri Drumband Agar Penilaian Jadi Lebih Objektif\xe2\x80\xa6 https //t.co/txtOTx8twj'
Sun Dec 22 08:05:32 +0000 2019,#MenujuPilwali2020,reportaseSMR,samarinda,0.0,0.0,1.0,0.0,b'Waw Jawaban Singkat Anies Diminta Bersihkan Selokan Got Anggota Prabowo Ungkit Masa Lalu Jokowi\xe2\x80\xa6 https //t.co/sDHklIX1nb'
Sun Dec 22 08:05:32 +0000 2019,#MenujuPilwali2020,reportaseSMR,samarinda,0.0,0.0,1.0,0.0,b'Waw Suami Iis Dahlia Diisukan Selingkuh Punya Simpanan Pramugari Pedangdut Ini Pernah Bilang Begini\xe2\x80\xa6 https //t.co/r93RLoR09X'
Sun Dec 22 07:13:16 +0000 2019,üí™#2019TetapOposisiüí™,VisionGlobal18,,0.0,0.0,1.0,0.0,b'RT Demokrat_TV Pakar politik kader senior PDemokrat Dr Andi Mallarangeng hati2 membangun kota Ketika utang dari\xe2\x80\xa6'
Sun Dec 22 06:07:35 +0000 2019,Diahdoank70,Diahdoank701,,0.0,0.0,1.0,0.0,b'RT Demokrat_TV Pakar politik kader senior PDemokrat Dr Andi Mallarangeng hati2 membangun kota Ketika utang dari\xe2\x80\xa6'
Sun Dec 22 05:17:08 +0000 2019,Basha01,Basha0115,Indonesia,0.0,0.0,1.0,0.0,b'Pemenang design ibukotabaru Segera umumkan pelaksanaan terlaksana https //t.co/eDdOSlkxNF'
Sun Dec 22 04:34:04 +0000 2019,@kicaupapua,papuakicau,Nabire,0.0,0.0,1.0,0.0,b'Disainer kota ... ibukotabaru https //t.co/LOk4AV8qcp'
Sun Dec 22 03:45:43 +0000 2019,Tamam Fadli,fadli_tamam,Indonesia,0.0,0.0,1.0,0.0,b'RT Demokrat_TV Pakar politik kader senior PDemokrat Dr Andi Mallarangeng hati2 membangun kota Ketika utang dari\xe2\x80\xa6'
Sun Dec 22 03:41:51 +0000 2019,Harry Sastropawiro,HarSastropawiro,Jakarta Capital Region,0.0,0.0,1.0,0.0,b'RT Demokrat_TV Pakar politik kader senior PDemokrat Dr Andi Mallarangeng hati2 membangun kota Ketika utang dari\xe2\x80\xa6'
Sun Dec 22 03:13:09 +0000 2019,Cepu Supriyanto #RockNRoll,cepu_supriyanto,desa berbah-jogjakarta,0.0,0.0,1.0,0.0,b'Presiden Jokowi Tol Balikpapan-Samarinda Membuka Jalur Ekonomi Bisnis JokowiMembangunIndonesia\xe2\x80\xa6 https //t.co/K5UDskm8oC'
Sun Dec 22 03:01:04 +0000 2019,Rahmat Hidayat @mamet86,RahmatH25034634,,0.0,0.0,1.0,0.0,b'RT Demokrat_TV Pakar politik kader senior PDemokrat Dr Andi Mallarangeng hati2 membangun kota Ketika utang dari\xe2\x80\xa6'
Sun Dec 22 03:01:00 +0000 2019,Mata Mata Politik,MataMataPolitik,Jakarta Capital Region,0.0,0.0,1.0,0.0,b'jokowi membentuk badan mengawasi proyek pembangunan ibukota \xe2\x80\x9c Silicon Valley \xe2\x80\x9d s\xe2\x80\xa6 https //t.co/aTfHP28wKP'
Sun Dec 22 02:37:07 +0000 2019,Cepu Supriyanto #RockNRoll,cepu_supriyanto,desa berbah-jogjakarta,0.0,0.0,1.0,0.0,b'Presiden Jokowi Tol Balikpapan-Samarinda Membuka Jalur Ekonomi Bisnis https //t.co/IXag89fEPx\xe2\x80\xa6 https //t.co/Om9kCZnC5i'
Sun Dec 22 01:52:04 +0000 2019,Adrian Yunus,AdrianYunus2,,0.0,0.0,1.0,0.0,b'Presiden Staff kunjungi Calon Ibukota Indonesia \xf0\x9f\x91\x8d\xf0\x9f\x8f\xbb\xf0\x9f\x91\x8d\xf0\x9f\x8f\xbb presidenIndonesia ibukotabaru kalimantanpunyatol https //t.co/Y2t75f8IGH'
Sun Dec 22 01:31:25 +0000 2019,Stevi E. Gaspersz,teppiepersz,Jakarta Capital Region,0.0,0.0,1.0,0.0,b'RT Luana0119411577 Presiden jokowi Saksikan Presentasi Finalis Sayembara Design Ibukota Negara Kantor Presiden Jakarta 20 Desember 2\xe2\x80\xa6'
Sun Dec 22 00:13:08 +0000 2019,Romi,romi_mr,Jakarta,0.0,0.0,1.0,0.0,b'10. Kota pemenuhan pasar properti spekulatif ketimbang upaya menyediakan lingkungan hunian ya\xe2\x80\xa6 https //t.co/GTho1fYlwA'
Sat Dec 21 23:42:58 +0000 2019,Romi,romi_mr,Jakarta,0.0,0.0,1.0,0.0,b'9. Kota yg menciptakan peluang investasi hedge funds Penciptaan kota hubu\xe2\x80\xa6 https //t.co/nm8icMlaNn'
Sat Dec 21 23:13:20 +0000 2019,Romi,romi_mr,Jakarta,0.0,0.0,1.0,0.0,b'8.Brasilia berorientasi fisik skala mobil pribadi Lebih tumpukan\xe2\x80\xa6 https //t.co/6DPpozzT0x'
Sat Dec 21 22:51:57 +0000 2019,"'Rafans Sulutindo',-",raymond_frans,"Kota Manado, Sulawesi Utara",0.0,0.0,1.0,0.0,b'*Ibu Kota Baru Indonesia Terhambat Payung Hukum -Masih impian kenyataan IbuKotaBaru Indonesia\xe2\x80\xa6 https //t.co/NxgTkwml60'
Sat Dec 21 22:42:58 +0000 2019,Romi,romi_mr,Jakarta,0.0,0.0,1.0,0.0,b'7 Belum hilang ingatan proyek bandara kertajati yg dominan orientasi fisiknya.Pada banda\xe2\x80\xa6 https //t.co/54GVtjeKw4'
Sat Dec 21 22:13:11 +0000 2019,Aerin Nizar,a3rinnizar,Indonesia,0.0,0.0,1.0,0.0,b'RT Demokrat_TV Pakar politik kader senior PDemokrat Dr Andi Mallarangeng hati2 membangun kota Ketika utang dari\xe2\x80\xa6'
Sat Dec 21 22:13:07 +0000 2019,Romi,romi_mr,Jakarta,0.0,0.0,1.0,0.0,b'6.Sumberdaya dimobilisasi memproduksi kota yg ironisnya pd penghu\xe2\x80\xa6 https //t.co/H3e7siWozI'
Sat Dec 21 21:42:59 +0000 2019,Romi,romi_mr,Jakarta,0.0,0.0,1.0,0.0,b'5 Seperti yg kota2 lainnya.Jangan Kota diperuntukkan kelompok upper\xe2\x80\xa6 https //t.co/Go4eX6HJTi'
Sat Dec 21 21:13:06 +0000 2019,Romi,romi_mr,Jakarta,0.0,0.0,1.0,0.0,b'4.ambil contoh urbanisasi negara Timur Tengah Dubai Doha bangunan yg absurd Untuk sia\xe2\x80\xa6 https //t.co/jbv5LeJC05'
Sat Dec 21 20:42:58 +0000 2019,Romi,romi_mr,Jakarta,0.0,0.0,1.0,0.0,b'3 Yang Tiongkok kota kota diproduksi kebtuhan ekspansi kapital seringkali\xe2\x80\xa6 https //t.co/yie7vv4bV4'
Sat Dec 21 19:42:58 +0000 2019,Romi,romi_mr,Jakarta,0.0,0.0,1.0,0.0,b'1.membangun kota memproduksi kota terbesar utama proses penumpukkan kapital para\xe2\x80\xa6 https //t.co/rSydMki0zh'
Sat Dec 21 19:13:13 +0000 2019,Romi,romi_mr,Jakarta,0.0,0.0,1.0,0.0,b'pelajaran IbuKotaBaru Brasilia mesin penyedot penumpukkan kapital berbiak kapital disu\xe2\x80\xa6 https //t.co/CfmraHcO5G'
Sat Dec 21 18:56:19 +0000 2019,NoCebong_NoKampret,fietran,Jakarta Capital Region,0.0,0.0,1.0,0.0,b'RT Demokrat_TV Pakar politik kader senior PDemokrat Dr Andi Mallarangeng hati2 membangun kota Ketika utang dari\xe2\x80\xa6'
Sat Dec 21 18:45:53 +0000 2019,Bang Pitung,BangPitung_AJW,Jakarta Capital Region,0.0,0.0,1.0,0.0,b'Ronnie_Rusli ... mimpi bikin IbukotaBaru ditengah hutan lebat Kalimantan by the way udah ijin penguas\xe2\x80\xa6 https //t.co/Kx0UsslobE'
Sat Dec 21 18:42:59 +0000 2019,Romi,romi_mr,Jakarta,0.0,0.0,1.0,0.0,b'ibukotabaru yg dibangun pendekatan helikopter menaburkan blok bangunan sesuai selera penguasa kehendak\xe2\x80\xa6 https //t.co/Z5xFF4MCkG'
Sat Dec 21 18:32:30 +0000 2019,Sirenia,Verinata8,Beacon Hill,0.0,0.0,1.0,0.0,b'RT translatorbali jokowi Presiden Jokowi meresmikan Tempat Pemrosesan Akhir TPA sampah terbaik Indonesia TPA Manggar Balikpa\xe2\x80\xa6'
Sat Dec 21 18:13:05 +0000 2019,Romi,romi_mr,Jakarta,0.0,0.0,1.0,0.0,b'pelajaran ibukotabaru meleset perencanaan kota egaliter Brasilia njelma jd mesin p\xe2\x80\xa6 https //t.co/CpiKamgtuZ'
Sat Dec 21 17:42:58 +0000 2019,Romi,romi_mr,Jakarta,0.0,0.0,1.0,0.0,b'Pelajaran ibukotabaru 10 km brasilia muncul favela Santa luzia dipenuhi gubug metarial sisa 10 keluarg\xe2\x80\xa6 https //t.co/omVoVAnvOJ'
Sat Dec 21 17:37:25 +0000 2019,Dewi Baek Hyun,baek_dewi,,0.0,0.0,1.0,0.0,b'Titik pusat Ibu Kota dibangun klaster pemerintahan Terdiri kompleks pemerintahan Istana Kep\xe2\x80\xa6 https //t.co/kosOjpkS9K'
Sat Dec 21 17:13:08 +0000 2019,Romi,romi_mr,Jakarta,0.0,0.0,1.0,0.0,b'pelajaran IbuKotaBaru kota Brasilia mestinya dibangun egaliter kenyataanya lingkungan hunian yg terban\xe2\x80\xa6 https //t.co/3XwVnqt4fH'
Sat Dec 21 16:52:35 +0000 2019,Sek ah,rahmawti9_,"Kalimantan Timur, Indonesia",0.0,0.0,1.0,0.0,b'Berharap jdi ibukotabaru https //t.co/gbExcsqeGk'
Sat Dec 21 16:42:59 +0000 2019,Romi,romi_mr,Jakarta,0.0,0.0,1.0,0.0,b'pelajaran ibukotabaru brasilia zona hunian kelas pekerja lokasinya pusat kota.Pekerja berangkat j\xe2\x80\xa6 https //t.co/rQ2AOD9AHq'
Sat Dec 21 16:13:06 +0000 2019,Romi,romi_mr,Jakarta,0.2023,0.13,0.87,0.0,b'pendekatan perencanaan ibukotabaru top down partisipatif cerminan ibukota elitis Yang menc\xe2\x80\xa6 https //t.co/Khh799Nvs6'
Sat Dec 21 16:00:22 +0000 2019,Demokrat TV,Demokrat_TV,Jakarta,0.0,0.0,1.0,0.0,b'RT Demokrat_TV Pakar politik kader senior PDemokrat Dr Andi Mallarangeng hati2 membangun kota Ketika utang dari\xe2\x80\xa6'
Sat Dec 21 15:54:05 +0000 2019,MuakLiatPdusta,sukatanyaj,indonesia,0.0,0.0,1.0,0.0,b'RT Demokrat_TV Pakar politik kader senior PDemokrat Dr Andi Mallarangeng hati2 membangun kota Ketika utang dari\xe2\x80\xa6'
Sat Dec 21 15:42:58 +0000 2019,Romi,romi_mr,Jakarta,0.0,0.0,1.0,0.0,b'ibukotabaru pulau yg terisolasi.jauh warganya harapan aspirasi\xe2\x80\xa6 https //t.co/m8ySJnYxym'
Sat Dec 21 15:21:46 +0000 2019,Yasin Kencleng,YasinKencleng2,"Demak, Indonesia",0.0,0.0,1.0,0.0,b'RT Demokrat_TV Pakar politik kader senior PDemokrat Dr Andi Mallarangeng hati2 membangun kota Ketika utang dari\xe2\x80\xa6'
Sat Dec 21 15:15:25 +0000 2019,Agung Sastra Sentana‚Ñ¢,agungelsastra,"Jakarta Pusat, DKI Jakarta",0.0,0.0,1.0,0.0,b'RT Demokrat_TV Pakar politik kader senior PDemokrat Dr Andi Mallarangeng hati2 membangun kota Ketika utang dari\xe2\x80\xa6'
Sat Dec 21 15:13:22 +0000 2019,Romi,romi_mr,Jakarta,0.0,0.0,1.0,0.0,b'merujuk prof Jan Gehl kota desain IbuKotaBaru dirancang dng pesawat pulan\xe2\x80\xa6 https //t.co/3cBEoVTjVe'
Sat Dec 21 15:10:22 +0000 2019,S0EY0T0,soeyoto1,jakarta,0.0,0.0,1.0,0.0,b'RT Demokrat_TV Pakar politik kader senior PDemokrat Dr Andi Mallarangeng hati2 membangun kota Ketika utang dari\xe2\x80\xa6'
Sat Dec 21 15:03:46 +0000 2019,Jiwasraya,MrReady3,,0.0,0.0,1.0,0.0,b'RT Demokrat_TV Pakar politik kader senior PDemokrat Dr Andi Mallarangeng hati2 membangun kota Ketika utang dari\xe2\x80\xa6'
Sat Dec 21 14:59:20 +0000 2019,Heriawan Adiwangsa,HeriawanAdiwan2,Resort,0.0,0.0,1.0,0.0,b'RT Demokrat_TV Pakar politik kader senior PDemokrat Dr Andi Mallarangeng hati2 membangun kota Ketika utang dari\xe2\x80\xa6'
Sat Dec 21 14:57:04 +0000 2019,RosaNia,RosaRosaniasari,,0.0,0.0,1.0,0.0,b'RT Demokrat_TV Pakar politik kader senior PDemokrat Dr Andi Mallarangeng hati2 membangun kota Ketika utang dari\xe2\x80\xa6'
Sat Dec 21 14:43:30 +0000 2019,Romi,romi_mr,Jakarta,0.0,0.0,1.0,0.0,b'desain IbuKotaBaru peduli skala raksasa skala pemodal perusahaan abai skala manusia\xe2\x80\xa6 https //t.co/HwnfCudvjI'
Sat Dec 21 14:28:21 +0000 2019,Katak Pembina,Reiza_Patters,"Tomage-Fakfak, Indonesia",0.0,0.0,1.0,0.0,b'RT Demokrat_TV Pakar politik kader senior PDemokrat Dr Andi Mallarangeng hati2 membangun kota Ketika utang dari\xe2\x80\xa6'
Sat Dec 21 14:13:11 +0000 2019,Romi,romi_mr,Jakarta,0.0,0.0,1.0,0.0,b'desain IbuKotaBaru perencana berpikir kota dinikmati ber\xe2\x80\xa6 https //t.co/i5XNqsJEV8'
Sat Dec 21 14:03:02 +0000 2019,KepakSayapGaruda,putragaruda27,,0.0,0.0,1.0,0.0,b'RT Demokrat_TV Pakar politik kader senior PDemokrat Dr Andi Mallarangeng hati2 membangun kota Ketika utang dari\xe2\x80\xa6'
Sat Dec 21 14:00:37 +0000 2019,Zah,zahkhan25_70127,,0.0,0.0,1.0,0.0,b'RT Demokrat_TV Pakar politik kader senior PDemokrat Dr Andi Mallarangeng hati2 membangun kota Ketika utang dari\xe2\x80\xa6'
Sat Dec 21 13:56:55 +0000 2019,Abdul Rasyid,RasyidDemokrat,"DKI Jakarta, Indonesia",0.0,0.0,1.0,0.0,b'RT Demokrat_TV Pakar politik kader senior PDemokrat Dr Andi Mallarangeng hati2 membangun kota Ketika utang dari\xe2\x80\xa6'
Sat Dec 21 13:44:54 +0000 2019,"#SAVE KPK""!!!.Tetap Merdeka atau Tergadai""?!üá≤üá®",Andiammulia3,Jakarta.Nusantara 01,0.0,0.0,1.0,0.0,b'RT Demokrat_TV Pakar politik kader senior PDemokrat Dr Andi Mallarangeng hati2 membangun kota Ketika utang dari\xe2\x80\xa6'
Sat Dec 21 13:43:14 +0000 2019,Monang Eliezer Pasaribu,mopasbu,Riau,0.0,0.0,1.0,0.0,b'RT Demokrat_TV Pakar politik kader senior PDemokrat Dr Andi Mallarangeng hati2 membangun kota Ketika utang dari\xe2\x80\xa6'
Sat Dec 21 13:42:59 +0000 2019,Romi,romi_mr,Jakarta,0.0,0.0,1.0,0.0,b'IbuKotaBaru kalimantan helikopter dramatis menghebohkan karakter bintang limanya Dengan\xe2\x80\xa6 https //t.co/RsucsUTAa5'
Sat Dec 21 13:42:23 +0000 2019,bagas gantenk,bagasgantenk,bandar lampung,0.0,0.0,1.0,0.0,b'RT Demokrat_TV Pakar politik kader senior PDemokrat Dr Andi Mallarangeng hati2 membangun kota Ketika utang dari\xe2\x80\xa6'
Sat Dec 21 13:29:42 +0000 2019,Kolocokro,SangKalaCakra,,0.0,0.0,1.0,0.0,b'RT Demokrat_TV Pakar politik kader senior PDemokrat Dr Andi Mallarangeng hati2 membangun kota Ketika utang dari\xe2\x80\xa6'
Sat Dec 21 13:28:01 +0000 2019,Renanda Bachtar,renandabachtar,"Jakarta, Indonesia",0.0,0.0,1.0,0.0,b'RT Demokrat_TV Pakar politik kader senior PDemokrat Dr Andi Mallarangeng hati2 membangun kota Ketika utang dari\xe2\x80\xa6'
Sat Dec 21 13:27:59 +0000 2019,Roni Asani,roniasani1,,0.0,0.0,1.0,0.0,b'RT Demokrat_TV Pakar politik kader senior PDemokrat Dr Andi Mallarangeng hati2 membangun kota Ketika utang dari\xe2\x80\xa6'
Sat Dec 21 13:18:28 +0000 2019,Winarto Sarsidi,winarto_sarsidi,,0.0,0.0,1.0,0.0,b'RT Demokrat_TV Pakar politik kader senior PDemokrat Dr Andi Mallarangeng hati2 membangun kota Ketika utang dari\xe2\x80\xa6'
Sat Dec 21 13:13:15 +0000 2019,Romi,romi_mr,Jakarta,0.0,0.0,1.0,0.0,b'Perancana IbuKotaBaru terbang meninggalkan bumi pijakannya mengambardari ketinggian yg K\xe2\x80\xa6 https //t.co/HP6rLCCtJf'
Sat Dec 21 13:02:13 +0000 2019,JNS14,Braderhood16,"Greenville, PA",0.0,0.0,1.0,0.0,b'RT Demokrat_TV Pakar politik kader senior PDemokrat Dr Andi Mallarangeng hati2 membangun kota Ketika utang dari\xe2\x80\xa6'
Sat Dec 21 12:42:58 +0000 2019,Romi,romi_mr,Jakarta,0.0,0.0,1.0,0.0,b'Ibukotabaru mengulangi kesalahan Brasilia city planning from high above.indah helikopter.kota skala yg\xe2\x80\xa6 https //t.co/IIOiiaaIGN'
Sat Dec 21 12:42:36 +0000 2019,jana bachri,Janabachri,,0.0,0.0,1.0,0.0,b'RT Demokrat_TV Pakar politik kader senior PDemokrat Dr Andi Mallarangeng hati2 membangun kota Ketika utang dari\xe2\x80\xa6'
Sat Dec 21 12:17:58 +0000 2019,herminyudi_pb,HerminyudiP,Indonesia,0.0,0.0,1.0,0.0,b'RT Demokrat_TV Pakar politik kader senior PDemokrat Dr Andi Mallarangeng hati2 membangun kota Ketika utang dari\xe2\x80\xa6'
Sat Dec 21 12:16:20 +0000 2019,didik luhur pambudi,didiklpambudi,depok-jakarta,0.0,0.0,1.0,0.0,b'RT Demokrat_TV Pakar politik kader senior PDemokrat Dr Andi Mallarangeng hati2 membangun kota Ketika utang dari\xe2\x80\xa6'
Sat Dec 21 12:13:14 +0000 2019,Romi,romi_mr,Jakarta,0.0,0.0,1.0,0.0,"b""desain IbuKotaBaru kalimantan pengulangan dr Brasilia yg dibangun '55 Blunder disebut\xe2\x80\xa6 https //t.co/bRJ97AmO9y"""
Sat Dec 21 12:12:22 +0000 2019,Sartono Hutomo,SartonoHutomo,"Jakarta, Indonesia",0.0,0.0,1.0,0.0,b'RT Demokrat_TV Pakar politik kader senior PDemokrat Dr Andi Mallarangeng hati2 membangun kota Ketika utang dari\xe2\x80\xa6'
Sat Dec 21 12:12:21 +0000 2019,joka - follow back,Learnfx01,Indonesia,0.4995,0.244,0.756,0.0,b'Smoga gak yg kelewatan follow programfolback klik LIKE follow.\xe2\x80\xa6 https //t.co/c61HZomhSR'
Sat Dec 21 12:09:39 +0000 2019,Demokrat TV,Demokrat_TV,Jakarta,0.0,0.0,1.0,0.0,b'Pakar politik kader senior PDemokrat Dr Andi Mallarangeng hati2 membangun kota Ketika utan\xe2\x80\xa6 https //t.co/jyR1eS2ITi'
Sat Dec 21 11:58:53 +0000 2019,joka - follow back,Learnfx01,Indonesia,0.0,0.0,1.0,0.0,b'RT IntanNabil4 Pemerintah bangun 3 Tol pendukung Ibu Kota Baru ibukotabaru IndonesiaMaju https //t.co/biVFyb1X92'
Sat Dec 21 11:03:28 +0000 2019,GlobalnewsHub,Globalnews222,Global,0.0,0.0,1.0,0.0,b'RT translatorbali aniesbaswedan Pemkot PemkotBPN bijak APBD mendirikan Tempat Pemrosesan Akhir TPA sampah Manggar\xe2\x80\xa6'
